Week End,Crude Volumes For The Week
01/09/1990,81.31
02/27/1990,88.65
01/09/1990,85.75
01/09/1990,64.96
01/16/1990,82.34
01/16/1990,91.85
02/27/1990,72.73
01/16/1990,65.24
01/23/1990,81.77
01/23/1990,92.47
01/23/1990,66.67
03/06/1990,78.92
01/30/1990,84.75
01/30/1990,86.68
01/30/1990,66.45
02/06/1990,85.03
03/06/1990,88.66
02/06/1990,81.07
02/06/1990,66.71
02/13/1990,81.83
02/13/1990,81.21
03/06/1990,72.81
02/13/1990,67.34
02/20/1990,83.26
02/20/1990,89.89
02/20/1990,70.73
03/13/1990,77.1
02/27/1990,81.9
03/13/1990,84.01
03/13/1990,74.44
03/20/1990,73.36
03/20/1990,77.44
03/20/1990,73.24
03/27/1990,81.6
03/27/1990,81.73
03/27/1990,75.92
04/03/1990,79.61
04/03/1990,80.9
04/03/1990,75.8
04/10/1990,83.09
04/10/1990,82.56
04/10/1990,70.98
04/17/1990,73.96
04/17/1990,68.28
04/17/1990,71.33
04/24/1990,55.17
04/24/1990,71.37
04/24/1990,64.85
05/01/1990,53.6
05/01/1990,65.98
05/01/1990,66.62
05/08/1990,56.83
05/08/1990,80.82
05/08/1990,59.51
05/15/1990,60.35
05/15/1990,84.91
05/15/1990,60.25
05/22/1990,58.52
05/22/1990,88.6
05/22/1990,64.73
05/29/1990,73.7
05/29/1990,82.8
05/29/1990,67.81
06/05/1990,66.2
06/05/1990,76.81
06/05/1990,71.76
06/12/1990,59.63
06/12/1990,76.92
06/12/1990,69.75
06/19/1990,64.24
06/19/1990,76.97
06/19/1990,76.26
06/26/1990,81.46
06/26/1990,71.68
06/26/1990,77.56
07/03/1990,80.96
07/03/1990,70.07
07/03/1990,76.65
07/10/1990,80.87
07/10/1990,74.82
07/10/1990,76.42
07/17/1990,74.76
07/17/1990,86.93
07/17/1990,75.57
07/24/1990,74.54
07/24/1990,88.64
07/24/1990,63.74
07/31/1990,82.31
07/31/1990,89.44
07/31/1990,65.49
08/07/1990,84.27
08/07/1990,89.28
08/07/1990,69.68
08/14/1990,82.2
08/14/1990,83.7
08/14/1990,80.41
08/21/1990,85.32
08/21/1990,84.29
08/21/1990,81.79
08/28/1990,84.74
08/28/1990,88.62
08/28/1990,84.01
09/04/1990,83.13
09/04/1990,91.09
09/04/1990,75.95
09/11/1990,82.18
09/11/1990,91.45
09/11/1990,66.37
09/18/1990,72.93
09/18/1990,91.99
09/18/1990,66.38
09/25/1990,76.28
09/25/1990,86.7
09/25/1990,66.55
10/02/1990,81.89
10/02/1990,85.4
10/02/1990,73.07
10/09/1990,80.67
10/09/1990,86.28
10/09/1990,75.85
10/16/1990,82.41
10/16/1990,85.21
10/16/1990,72.35
10/23/1990,76.26
10/23/1990,82.43
10/23/1990,74.32
10/30/1990,80.72
10/30/1990,84.83
10/30/1990,79.88
11/06/1990,82.69
11/06/1990,90.1
11/06/1990,77.94
11/13/1990,84.71
11/13/1990,88.55
11/13/1990,75.69
11/20/1990,82.15
11/20/1990,82.34
11/20/1990,69.52
11/27/1990,83.19
11/27/1990,76.15
11/27/1990,72.06
12/04/1990,81.94
12/04/1990,76.39
12/04/1990,72.33
12/11/1990,83.01
12/11/1990,74.99
12/11/1990,68.02
12/18/1990,77.85
12/18/1990,82.71
12/18/1990,65.81
12/25/1990,82.38
12/25/1990,81.15
12/25/1990,65.95
01/01/1991,81.72
01/01/1991,80.44
01/01/1991,64.0
01/08/1991,76.75
01/08/1991,93.08
01/08/1991,68.24
01/15/1991,66.04
01/15/1991,84.08
01/15/1991,68.47
01/22/1991,68.65
01/22/1991,86.19
01/22/1991,66.75
01/29/1991,68.88
01/29/1991,90.03
01/29/1991,64.56
02/05/1991,69.33
02/05/1991,88.48
02/05/1991,67.05
02/12/1991,68.02
02/12/1991,87.99
02/12/1991,68.08
02/19/1991,70.1
02/19/1991,89.94
02/19/1991,67.04
02/26/1991,69.92
02/26/1991,94.42
02/26/1991,67.34
03/05/1991,67.33
03/05/1991,95.27
03/05/1991,67.02
03/12/1991,69.9
03/12/1991,93.32
03/12/1991,55.07
03/19/1991,65.65
03/19/1991,102.65
03/19/1991,67.27
03/26/1991,58.83
03/26/1991,92.67
03/26/1991,62.57
04/02/1991,63.26
04/02/1991,106.88
04/02/1991,69.97
04/09/1991,60.67
04/09/1991,102.19
04/09/1991,65.55
04/16/1991,65.88
04/16/1991,92.27
04/16/1991,67.33
04/23/1991,62.46
04/23/1991,81.23
04/23/1991,68.61
04/30/1991,66.94
04/30/1991,73.62
04/30/1991,65.44
05/07/1991,67.31
05/07/1991,72.35
05/07/1991,62.16
05/14/1991,66.7
05/14/1991,70.05
05/14/1991,63.18
05/21/1991,67.18
05/21/1991,84.16
05/21/1991,67.35
05/28/1991,70.29
05/28/1991,97.64
05/28/1991,64.24
06/04/1991,73.68
06/04/1991,95.17
06/04/1991,66.39
06/11/1991,78.66
06/11/1991,93.86
06/11/1991,69.36
06/18/1991,79.26
06/18/1991,87.98
06/18/1991,64.64
06/25/1991,81.26
06/25/1991,90.01
06/25/1991,64.24
07/02/1991,75.9
07/02/1991,84.89
07/02/1991,69.49
07/09/1991,78.0
07/09/1991,101.54
07/09/1991,77.31
07/16/1991,70.76
07/16/1991,104.61
07/16/1991,76.59
07/23/1991,77.7
07/23/1991,100.77
07/23/1991,75.83
07/30/1991,77.96
07/30/1991,102.96
07/30/1991,78.73
08/06/1991,72.34
08/06/1991,105.66
08/06/1991,79.53
08/13/1991,72.61
08/13/1991,100.96
08/13/1991,76.47
08/20/1991,71.5
08/20/1991,102.67
08/20/1991,69.86
08/27/1991,63.88
08/27/1991,100.51
08/27/1991,77.93
09/03/1991,64.64
09/03/1991,97.96
09/03/1991,77.58
09/10/1991,71.81
09/10/1991,98.3
09/10/1991,75.32
09/17/1991,70.28
09/17/1991,100.93
09/17/1991,75.48
09/24/1991,65.95
09/24/1991,101.54
09/24/1991,76.41
10/01/1991,66.9
10/01/1991,104.57
10/01/1991,72.56
10/08/1991,71.81
10/08/1991,102.7
10/08/1991,71.89
10/15/1991,74.83
10/15/1991,100.4
10/15/1991,72.07
10/22/1991,72.67
10/22/1991,86.86
10/22/1991,69.81
10/29/1991,73.87
10/29/1991,90.66
10/29/1991,75.25
11/05/1991,67.75
11/05/1991,89.04
11/05/1991,72.49
11/12/1991,72.1
11/12/1991,97.4
11/12/1991,71.2
11/19/1991,72.1
11/19/1991,97.9
11/19/1991,70.6
11/26/1991,75.1
11/26/1991,99.3
11/26/1991,69.5
12/03/1991,75.4
12/03/1991,99.2
12/03/1991,70.9
12/10/1991,74.3
12/10/1991,97.5
12/10/1991,71.1
12/17/1991,74.1
12/17/1991,100.4
12/17/1991,68.1
12/24/1991,68.7
12/24/1991,97.0
12/24/1991,67.2
12/31/1991,72.6
12/31/1991,93.1
12/31/1991,67.5
01/07/1992,75.2
01/07/1992,93.6
01/07/1992,67.5
01/14/1992,73.8
01/14/1992,95.7
01/14/1992,76.5
01/21/1992,70.9
01/21/1992,96.9
01/21/1992,75.3
01/28/1992,70.3
01/28/1992,95.1
01/28/1992,76.8
02/04/1992,69.4
02/04/1992,95.9
02/04/1992,76.2
02/11/1992,74.5
02/11/1992,94.4
02/11/1992,75.6
02/18/1992,71.8
02/18/1992,94.1
02/18/1992,77.1
02/25/1992,72.0
02/25/1992,95.1
02/25/1992,73.7
03/03/1992,71.0
03/03/1992,92.3
03/03/1992,76.0
03/10/1992,69.9
03/10/1992,88.8
03/10/1992,76.1
03/17/1992,70.6
03/17/1992,91.6
03/17/1992,71.9
03/24/1992,70.3
03/24/1992,93.7
03/24/1992,69.9
03/31/1992,70.0
03/31/1992,92.7
03/31/1992,69.9
04/07/1992,59.9
04/07/1992,91.0
04/07/1992,67.4
04/14/1992,65.7
04/14/1992,91.8
04/14/1992,73.2
04/21/1992,66.4
04/21/1992,95.6
04/21/1992,64.0
04/28/1992,62.6
04/28/1992,80.0
04/28/1992,72.3
05/05/1992,66.1
05/05/1992,55.2
05/05/1992,75.4
05/12/1992,68.0
05/12/1992,55.2
05/12/1992,76.7
05/19/1992,67.2
05/19/1992,60.8
05/19/1992,77.2
05/26/1992,59.2
05/26/1992,55.9
05/26/1992,77.1
06/02/1992,56.5
06/02/1992,75.0
06/02/1992,74.9
06/09/1992,62.1
06/09/1992,76.4
06/09/1992,67.5
06/16/1992,68.3
06/16/1992,73.9
06/16/1992,68.0
06/23/1992,73.9
06/23/1992,87.2
06/23/1992,69.1
06/30/1992,74.5
06/30/1992,101.7
06/30/1992,75.3
07/07/1992,67.1
07/07/1992,96.5
07/07/1992,82.7
07/14/1992,69.2
07/14/1992,96.0
07/14/1992,85.2
07/21/1992,69.8
07/21/1992,98.2
07/21/1992,90.6
07/28/1992,67.0
07/28/1992,100.9
07/28/1992,88.3
08/04/1992,66.5
08/04/1992,101.5
08/04/1992,83.6
08/11/1992,68.6
08/11/1992,100.8
08/11/1992,81.8
08/18/1992,74.2
08/18/1992,91.1
08/18/1992,85.9
08/25/1992,75.6
08/25/1992,89.7
08/25/1992,87.3
09/01/1992,76.4
09/01/1992,87.0
09/01/1992,86.2
09/08/1992,76.7
09/08/1992,89.2
09/08/1992,79.0
09/15/1992,77.0
09/15/1992,83.2
09/15/1992,75.7
09/22/1992,73.1
09/22/1992,82.9
09/22/1992,75.7
09/29/1992,73.0
09/29/1992,87.3
09/29/1992,78.9
10/06/1992,65.2
10/06/1992,82.9
10/06/1992,80.5
10/13/1992,65.5
10/13/1992,85.2
10/13/1992,82.6
10/20/1992,70.6
10/20/1992,95.3
10/20/1992,83.2
10/27/1992,73.6
10/27/1992,99.3
10/27/1992,81.8
11/03/1992,72.3
11/03/1992,94.9
11/03/1992,82.8
11/10/1992,70.8
11/10/1992,98.7
11/10/1992,79.6
11/17/1992,72.0
11/17/1992,98.1
11/17/1992,80.3
11/24/1992,72.3
11/24/1992,99.6
11/24/1992,77.8
12/01/1992,72.5
12/01/1992,103.0
12/01/1992,79.6
12/08/1992,66.9
12/08/1992,100.1
12/08/1992,73.8
12/15/1992,68.6
12/15/1992,98.1
12/15/1992,70.5
12/22/1992,66.5
12/22/1992,97.9
12/22/1992,70.0
12/29/1992,70.5
12/29/1992,100.1
12/29/1992,72.5
01/05/1993,68.9
01/05/1993,100.1
01/05/1993,73.3
01/12/1993,70.8
01/12/1993,102.5
01/12/1993,79.3
01/19/1993,72.6
01/19/1993,101.3
01/19/1993,81.5
01/26/1993,75.1
01/26/1993,103.7
01/26/1993,85.1
02/02/1993,72.4
02/02/1993,99.3
02/02/1993,85.2
02/09/1993,74.5
02/09/1993,92.8
02/09/1993,85.18
02/16/1993,72.1
02/16/1993,99.63
02/16/1993,84.4
02/23/1993,75.45
02/23/1993,102.06
02/23/1993,79.45
03/02/1993,73.04
03/02/1993,102.44
03/02/1993,83.7
03/09/1993,73.2
03/09/1993,109.52
03/09/1993,72.25
03/16/1993,66.61
03/16/1993,107.46
03/16/1993,75.4
03/23/1993,67.35
03/23/1993,106.42
03/23/1993,77.25
03/30/1993,65.55
03/30/1993,101.18
03/30/1993,85.05
04/06/1993,63.64
04/06/1993,98.12
04/06/1993,86.23
04/13/1993,71.52
04/13/1993,102.72
04/13/1993,74.57
04/20/1993,65.21
04/20/1993,98.54
04/20/1993,53.99
04/27/1993,58.0
04/27/1993,96.61
04/27/1993,52.24
05/04/1993,55.11
05/04/1993,92.57
05/04/1993,53.72
05/11/1993,63.8
05/11/1993,82.03
05/11/1993,65.04
05/18/1993,60.89
05/18/1993,82.09
05/18/1993,72.01
05/25/1993,59.52
05/25/1993,85.82
05/25/1993,70.18
06/01/1993,66.05
06/01/1993,83.13
06/01/1993,71.41
06/08/1993,71.9
06/08/1993,84.1
06/08/1993,73.21
06/15/1993,73.42
06/15/1993,98.99
06/15/1993,70.34
06/22/1993,78.26
06/22/1993,109.34
06/22/1993,68.75
06/29/1993,76.94
06/29/1993,104.73
06/29/1993,73.69
07/06/1993,75.26
07/06/1993,109.69
07/06/1993,76.22
07/13/1993,73.07
07/13/1993,108.35
07/13/1993,76.0
07/20/1993,74.63
07/20/1993,109.53
07/20/1993,80.37
07/27/1993,77.03
07/27/1993,107.59
07/27/1993,76.65
08/03/1993,78.06
08/03/1993,91.28
08/03/1993,75.98
08/10/1993,74.0
08/10/1993,102.87
08/10/1993,75.34
08/17/1993,76.38
08/17/1993,98.09
08/17/1993,75.95
08/24/1993,77.46
08/24/1993,96.34
08/24/1993,78.66
08/31/1993,76.36
08/31/1993,95.03
08/31/1993,79.98
09/07/1993,77.43
09/07/1993,100.24
09/07/1993,76.46
09/14/1993,73.09
09/14/1993,96.37
09/14/1993,75.32
09/21/1993,54.42
09/21/1993,83.94
09/21/1993,75.68
09/28/1993,53.99
09/28/1993,92.63
09/28/1993,75.27
10/05/1993,63.07
10/05/1993,103.79
10/05/1993,81.13
10/12/1993,65.1
10/12/1993,105.21
10/12/1993,80.56
10/19/1993,67.9
10/19/1993,107.28
10/19/1993,80.9
10/26/1993,68.81
10/26/1993,108.93
10/26/1993,73.34
11/02/1993,62.83
11/02/1993,107.71
11/02/1993,68.4
11/09/1993,78.35
11/09/1993,108.07
11/09/1993,70.56
11/16/1993,77.52
11/16/1993,106.37
11/16/1993,75.86
11/23/1993,72.61
11/23/1993,111.02
11/23/1993,73.49
11/30/1993,75.92
11/30/1993,103.0
11/30/1993,72.29
12/07/1993,74.9
12/07/1993,109.67
12/07/1993,66.14
12/14/1993,72.25
12/14/1993,107.95
12/14/1993,61.91
12/21/1993,66.75
12/21/1993,109.13
12/21/1993,67.59
12/28/1993,63.66
12/28/1993,112.02
12/28/1993,69.8
01/04/1994,69.19
01/04/1994,101.82
01/04/1994,75.17
01/11/1994,70.12
01/11/1994,104.76
01/11/1994,77.76
01/18/1994,72.7
01/18/1994,105.26
01/18/1994,79.86
01/25/1994,71.46
01/25/1994,107.57
01/25/1994,80.19
02/01/1994,75.55
02/01/1994,111.54
02/01/1994,78.84
02/08/1994,77.11
02/08/1994,113.54
02/08/1994,83.2
02/15/1994,74.28
02/15/1994,114.53
02/15/1994,83.17
02/22/1994,76.93
02/22/1994,111.72
02/22/1994,82.16
03/01/1994,74.16
03/01/1994,109.01
03/01/1994,80.71
03/08/1994,76.32
03/08/1994,108.5
03/08/1994,81.36
03/15/1994,79.65
03/15/1994,113.99
03/15/1994,81.46
03/22/1994,77.84
03/22/1994,112.54
03/22/1994,81.45
03/29/1994,75.57
03/29/1994,103.85
03/29/1994,81.88
04/05/1994,73.84
04/05/1994,98.55
04/05/1994,83.22
04/12/1994,76.29
04/12/1994,107.05
04/12/1994,78.67
04/19/1994,75.12
04/19/1994,110.22
04/19/1994,77.45
04/26/1994,71.86
04/26/1994,104.45
04/26/1994,77.8
05/03/1994,72.32
05/03/1994,98.12
05/03/1994,75.03
05/10/1994,71.46
05/10/1994,96.5
05/10/1994,79.73
05/17/1994,67.49
05/17/1994,89.44
05/17/1994,69.77
05/24/1994,62.79
05/24/1994,70.07
05/24/1994,73.3
05/31/1994,58.22
05/31/1994,65.74
05/31/1994,70.61
06/07/1994,52.43
06/07/1994,84.57
06/07/1994,65.99
06/14/1994,50.03
06/14/1994,78.19
06/14/1994,69.96
06/21/1994,51.99
06/21/1994,95.52
06/21/1994,72.52
06/28/1994,61.95
06/28/1994,96.78
06/28/1994,77.86
07/05/1994,65.46
07/05/1994,98.0
07/05/1994,81.67
07/12/1994,72.9
07/12/1994,96.36
07/12/1994,83.85
07/19/1994,77.96
07/19/1994,95.89
07/19/1994,83.13
07/26/1994,76.39
07/26/1994,95.68
07/26/1994,86.03
08/02/1994,75.65
08/02/1994,94.53
08/02/1994,87.59
08/09/1994,75.43
08/09/1994,93.81
08/09/1994,83.79
08/16/1994,76.03
08/16/1994,92.63
08/16/1994,90.08
08/23/1994,76.31
08/23/1994,92.46
08/23/1994,84.69
08/30/1994,68.75
08/30/1994,96.13
08/30/1994,77.05
09/06/1994,68.28
09/06/1994,95.32
09/06/1994,76.34
09/13/1994,67.46
09/13/1994,100.0
09/13/1994,79.2
09/20/1994,64.66
09/20/1994,94.89
09/20/1994,80.03
09/27/1994,66.47
09/27/1994,95.22
09/27/1994,80.9
10/04/1994,68.47
10/04/1994,98.14
10/04/1994,74.37
10/11/1994,73.9
10/11/1994,90.38
10/11/1994,71.25
10/18/1994,76.01
10/18/1994,81.79
10/18/1994,78.38
10/25/1994,74.48
10/25/1994,93.8
10/25/1994,81.41
11/01/1994,73.44
11/01/1994,90.28
11/01/1994,82.56
11/08/1994,72.16
11/08/1994,92.31
11/08/1994,75.71
11/15/1994,73.57
11/15/1994,94.62
11/15/1994,75.06
11/22/1994,71.34
11/22/1994,107.5
11/22/1994,75.1
11/29/1994,70.68
11/29/1994,107.47
11/29/1994,73.86
12/06/1994,67.93
12/06/1994,107.21
12/06/1994,74.3
12/13/1994,70.05
12/13/1994,110.54
12/13/1994,74.62
12/20/1994,70.94
12/20/1994,112.03
12/20/1994,75.54
12/27/1994,69.72
12/27/1994,109.46
12/27/1994,78.34
01/03/1995,70.26
01/03/1995,109.09
01/03/1995,80.56
01/10/1995,75.83
01/10/1995,110.12
01/10/1995,87.32
01/17/1995,73.05
01/17/1995,108.01
01/17/1995,87.6
01/24/1995,74.43
01/24/1995,104.86
01/24/1995,83.87
01/31/1995,74.15
01/31/1995,104.87
01/31/1995,83.27
02/07/1995,73.12
02/07/1995,108.42
02/07/1995,84.95
02/14/1995,72.69
02/14/1995,108.41
02/14/1995,84.02
02/21/1995,74.93
02/21/1995,106.55
02/21/1995,84.37
02/28/1995,75.49
02/28/1995,105.08
02/28/1995,70.43
03/07/1995,72.68
03/07/1995,104.23
03/07/1995,66.89
03/14/1995,74.4
03/14/1995,103.63
03/14/1995,81.31
03/21/1995,73.39
03/21/1995,101.81
03/21/1995,85.89
03/28/1995,70.27
03/28/1995,103.95
03/28/1995,82.01
04/04/1995,65.68
04/04/1995,98.8
04/04/1995,69.26
04/11/1995,65.8
04/11/1995,96.26
04/11/1995,57.71
04/18/1995,64.95
04/18/1995,90.98
04/18/1995,56.75
04/25/1995,69.32
04/25/1995,79.94
04/25/1995,56.5
05/02/1995,68.2
05/02/1995,81.95
05/02/1995,51.7
05/09/1995,60.82
05/09/1995,82.63
05/09/1995,65.02
05/16/1995,59.68
05/16/1995,88.68
05/16/1995,66.77
05/23/1995,62.7
05/23/1995,83.86
05/23/1995,70.36
05/30/1995,60.83
05/30/1995,84.12
05/30/1995,75.89
06/06/1995,61.79
06/06/1995,87.59
06/06/1995,77.71
06/13/1995,62.59
06/13/1995,90.46
06/13/1995,81.27
06/20/1995,72.59
06/20/1995,101.62
06/20/1995,81.39
06/27/1995,72.3
06/27/1995,101.74
06/27/1995,81.94
07/04/1995,77.16
07/04/1995,106.39
07/04/1995,84.04
07/11/1995,74.48
07/11/1995,107.15
07/11/1995,79.02
07/18/1995,75.67
07/18/1995,106.89
07/18/1995,79.48
07/25/1995,72.76
07/25/1995,109.98
07/25/1995,81.15
08/01/1995,74.39
08/01/1995,109.02
08/01/1995,79.77
08/08/1995,73.37
08/08/1995,110.98
08/08/1995,82.06
08/15/1995,66.46
08/15/1995,109.81
08/15/1995,80.68
08/22/1995,64.72
08/22/1995,107.93
08/22/1995,80.52
08/29/1995,67.64
08/29/1995,107.43
08/29/1995,79.29
09/05/1995,67.17
09/05/1995,112.41
09/05/1995,81.78
09/12/1995,64.33
09/12/1995,114.6
09/12/1995,82.61
09/19/1995,61.45
09/19/1995,100.3
09/19/1995,83.32
09/26/1995,70.42
09/26/1995,85.98
09/26/1995,81.61
10/03/1995,70.61
10/03/1995,69.26
10/03/1995,83.76
10/10/1995,70.25
10/10/1995,68.73
10/10/1995,80.14
10/17/1995,69.53
10/17/1995,79.1
10/17/1995,76.35
10/24/1995,74.95
10/24/1995,90.85
10/24/1995,75.92
10/31/1995,74.19
10/31/1995,108.08
10/31/1995,75.09
11/07/1995,74.0
11/07/1995,109.73
11/07/1995,77.09
11/14/1995,74.21
11/14/1995,114.55
11/14/1995,78.16
11/21/1995,74.35
11/21/1995,112.64
11/21/1995,77.68
11/28/1995,70.9
11/28/1995,107.14
11/28/1995,78.79
12/05/1995,70.52
12/05/1995,107.12
12/05/1995,77.1
12/12/1995,73.74
12/12/1995,107.37
12/12/1995,76.4
12/19/1995,71.99
12/19/1995,113.29
12/19/1995,74.14
12/26/1995,71.43
12/26/1995,111.56
12/26/1995,71.76
01/02/1996,71.89
01/02/1996,104.7
01/02/1996,72.11
01/09/1996,71.31
01/09/1996,112.31
01/09/1996,74.17
01/16/1996,73.1
01/16/1996,108.85
01/16/1996,76.4
01/23/1996,73.04
01/23/1996,108.96
01/23/1996,75.22
01/30/1996,73.32
01/30/1996,107.53
01/30/1996,74.88
02/06/1996,73.04
02/06/1996,110.17
02/06/1996,77.68
02/13/1996,77.19
02/13/1996,115.42
02/13/1996,80.53
02/20/1996,73.89
02/20/1996,112.29
02/20/1996,80.15
02/27/1996,74.99
02/27/1996,116.78
02/27/1996,79.08
03/05/1996,79.2
03/05/1996,115.98
03/05/1996,78.54
03/12/1996,73.49
03/12/1996,116.53
03/12/1996,76.11
03/19/1996,75.33
03/19/1996,113.22
03/19/1996,75.96
03/26/1996,74.28
03/26/1996,112.71
03/26/1996,74.65
04/02/1996,65.38
04/02/1996,109.76
04/02/1996,75.32
04/09/1996,65.44
04/09/1996,110.09
04/09/1996,75.31
04/16/1996,64.41
04/16/1996,108.12
04/16/1996,70.3
04/23/1996,66.33
04/23/1996,93.08
04/23/1996,62.63
04/30/1996,60.9
04/30/1996,100.12
04/30/1996,64.04
05/07/1996,58.46
05/07/1996,107.54
05/07/1996,71.71
05/14/1996,54.86
05/14/1996,99.32
05/14/1996,75.64
05/21/1996,66.09
05/21/1996,109.65
05/21/1996,73.83
05/28/1996,76.96
05/28/1996,93.69
05/28/1996,75.41
06/04/1996,76.73
06/04/1996,104.52
06/04/1996,75.74
06/11/1996,69.06
06/11/1996,113.45
06/11/1996,77.07
06/18/1996,76.04
06/18/1996,109.92
06/18/1996,75.76
06/25/1996,77.45
06/25/1996,117.73
06/25/1996,75.57
07/02/1996,77.84
07/02/1996,111.48
07/02/1996,77.06
07/09/1996,77.62
07/09/1996,96.61
07/09/1996,79.04
07/16/1996,78.21
07/16/1996,96.57
07/16/1996,78.49
07/23/1996,77.26
07/23/1996,106.56
07/23/1996,78.11
07/30/1996,77.95
07/30/1996,109.49
07/30/1996,78.55
08/06/1996,78.22
08/06/1996,110.93
08/06/1996,77.46
08/13/1996,76.54
08/13/1996,105.14
08/13/1996,80.4
08/20/1996,76.24
08/20/1996,112.67
08/20/1996,78.8
08/27/1996,70.53
08/27/1996,93.88
08/27/1996,79.21
09/03/1996,77.51
09/03/1996,86.54
09/03/1996,79.73
09/10/1996,75.42
09/10/1996,99.68
09/10/1996,81.63
09/17/1996,77.05
09/17/1996,109.54
09/17/1996,82.06
09/24/1996,76.75
09/24/1996,104.56
09/24/1996,81.2
10/01/1996,73.18
10/01/1996,104.2
10/01/1996,77.79
10/08/1996,73.41
10/08/1996,104.73
10/08/1996,77.0
10/15/1996,75.04
10/15/1996,98.45
10/15/1996,80.31
10/22/1996,75.44
10/22/1996,102.55
10/22/1996,71.14
10/29/1996,74.5
10/29/1996,101.8
10/29/1996,77.34
11/05/1996,73.94
11/05/1996,114.05
11/05/1996,79.96
11/12/1996,74.93
11/12/1996,113.87
11/12/1996,74.15
11/19/1996,76.69
11/19/1996,112.64
11/19/1996,70.19
11/26/1996,75.5
11/26/1996,114.84
11/26/1996,71.45
12/03/1996,75.69
12/03/1996,115.95
12/03/1996,71.27
12/10/1996,73.25
12/10/1996,114.61
12/10/1996,74.6
12/17/1996,75.81
12/17/1996,115.29
12/17/1996,77.38
12/24/1996,74.75
12/24/1996,115.02
12/24/1996,78.64
12/31/1996,73.0
12/31/1996,117.41
12/31/1996,75.23
01/07/1997,73.13
01/07/1997,115.56
01/07/1997,69.26
01/14/1997,80.27
01/14/1997,109.23
01/14/1997,76.08
01/21/1997,78.2
01/21/1997,114.66
01/21/1997,73.38
01/28/1997,79.52
01/28/1997,115.16
01/28/1997,77.63
02/04/1997,80.99
02/04/1997,116.52
02/04/1997,78.73
02/11/1997,72.3
02/11/1997,116.35
02/11/1997,79.34
02/18/1997,72.8
02/18/1997,115.42
02/18/1997,80.37
02/25/1997,72.57
02/25/1997,114.12
02/25/1997,80.26
03/04/1997,67.08
03/04/1997,112.29
03/04/1997,76.66
03/11/1997,68.12
03/11/1997,109.18
03/11/1997,77.6
03/18/1997,68.35
03/18/1997,111.18
03/18/1997,78.68
03/25/1997,61.88
03/25/1997,114.22
03/25/1997,80.27
04/01/1997,70.8
04/01/1997,115.81
04/01/1997,80.32
04/08/1997,72.21
04/08/1997,105.4
04/08/1997,76.43
04/15/1997,65.31
04/15/1997,104.38
04/15/1997,70.78
04/22/1997,66.66
04/22/1997,103.95
04/22/1997,56.5
04/29/1997,74.89
04/29/1997,86.23
04/29/1997,61.09
05/06/1997,73.13
05/06/1997,92.76
05/06/1997,66.54
05/13/1997,72.96
05/13/1997,96.55
05/13/1997,66.42
05/20/1997,74.77
05/20/1997,111.65
05/20/1997,74.43
05/27/1997,78.23
05/27/1997,111.63
05/27/1997,77.1
06/03/1997,76.07
06/03/1997,110.41
06/03/1997,72.99
06/10/1997,75.51
06/10/1997,99.63
06/10/1997,73.2
06/17/1997,77.1
06/17/1997,90.38
06/17/1997,76.21
06/24/1997,75.5
06/24/1997,93.16
06/24/1997,79.69
07/01/1997,78.28
07/01/1997,104.62
07/01/1997,81.81
07/08/1997,80.23
07/08/1997,110.49
07/08/1997,83.02
07/15/1997,79.37
07/15/1997,110.89
07/15/1997,81.06
07/22/1997,79.3
07/22/1997,111.58
07/22/1997,75.25
07/29/1997,78.53
07/29/1997,113.74
07/29/1997,76.44
08/05/1997,79.47
08/05/1997,113.77
08/05/1997,76.18
08/12/1997,81.18
08/12/1997,113.66
08/12/1997,82.89
08/19/1997,82.24
08/19/1997,113.93
08/19/1997,82.66
08/26/1997,76.69
08/26/1997,114.29
08/26/1997,83.09
09/02/1997,72.02
09/02/1997,116.53
09/02/1997,82.97
09/09/1997,68.58
09/09/1997,112.81
09/09/1997,82.66
09/16/1997,66.85
09/16/1997,105.96
09/16/1997,81.85
09/23/1997,73.03
09/23/1997,94.18
09/23/1997,82.84
09/30/1997,68.9
09/30/1997,107.19
09/30/1997,82.33
10/07/1997,65.0
10/07/1997,113.63
10/07/1997,83.07
10/14/1997,78.77
10/14/1997,115.5
10/14/1997,83.26
10/21/1997,78.53
10/21/1997,115.67
10/21/1997,81.44
10/28/1997,80.3
10/28/1997,117.0
10/28/1997,80.8
11/04/1997,80.69
11/04/1997,112.91
11/04/1997,75.57
11/11/1997,79.28
11/11/1997,114.36
11/11/1997,76.49
11/18/1997,80.17
11/18/1997,110.75
11/18/1997,78.93
11/25/1997,73.73
11/25/1997,108.24
11/25/1997,77.98
12/02/1997,77.63
12/02/1997,112.61
12/02/1997,78.69
12/09/1997,76.63
12/09/1997,113.52
12/09/1997,80.57
12/16/1997,79.06
12/16/1997,110.4
12/16/1997,79.17
12/23/1997,75.02
12/23/1997,113.76
12/23/1997,79.89
12/30/1997,74.81
12/30/1997,116.09
12/30/1997,79.81
01/06/1998,78.83
01/06/1998,117.39
01/06/1998,81.23
01/13/1998,78.37
01/13/1998,110.94
01/13/1998,81.85
01/20/1998,79.82
01/20/1998,112.74
01/20/1998,73.95
01/27/1998,80.33
01/27/1998,115.25
01/27/1998,78.81
02/03/1998,77.31
02/03/1998,114.61
02/03/1998,76.86
02/10/1998,75.13
02/10/1998,96.61
02/10/1998,75.26
02/17/1998,76.87
02/17/1998,113.17
02/17/1998,80.91
02/24/1998,77.78
02/24/1998,115.4
02/24/1998,82.95
03/03/1998,74.56
03/03/1998,111.14
03/03/1998,81.09
03/10/1998,75.94
03/10/1998,115.1
03/10/1998,80.46
03/17/1998,77.02
03/17/1998,111.73
03/17/1998,74.81
03/24/1998,76.46
03/24/1998,109.22
03/24/1998,75.84
03/31/1998,73.67
03/31/1998,103.42
03/31/1998,79.97
04/07/1998,70.13
04/07/1998,93.42
04/07/1998,82.74
04/14/1998,66.68
04/14/1998,103.55
04/14/1998,80.38
04/21/1998,73.33
04/21/1998,99.76
04/21/1998,58.86
04/28/1998,71.36
04/28/1998,101.38
04/28/1998,52.78
05/05/1998,72.59
05/05/1998,96.41
05/05/1998,49.37
05/12/1998,73.23
05/12/1998,101.86
05/12/1998,67.11
05/19/1998,71.65
05/19/1998,87.84
05/19/1998,66.92
05/26/1998,83.61
05/26/1998,110.99
05/26/1998,54.43
06/02/1998,78.95
06/02/1998,111.17
06/02/1998,57.8
06/09/1998,80.34
06/09/1998,108.29
06/09/1998,78.76
06/16/1998,79.51
06/16/1998,102.44
06/16/1998,81.68
06/23/1998,76.34
06/23/1998,101.92
06/23/1998,87.93
06/30/1998,80.32
06/30/1998,107.34
06/30/1998,87.83
07/07/1998,80.49
07/07/1998,87.04
07/07/1998,84.69
07/14/1998,79.06
07/14/1998,89.25
07/14/1998,85.25
07/21/1998,80.8
07/21/1998,92.91
07/21/1998,87.08
07/28/1998,78.86
07/28/1998,94.21
07/28/1998,84.82
08/04/1998,79.57
08/04/1998,113.58
08/04/1998,81.08
08/11/1998,80.03
08/11/1998,115.21
08/11/1998,82.85
08/18/1998,74.68
08/18/1998,113.77
08/18/1998,84.26
08/25/1998,71.31
08/25/1998,110.81
08/25/1998,83.51
09/01/1998,72.21
09/01/1998,115.16
09/01/1998,83.9
09/08/1998,77.42
09/08/1998,119.56
09/08/1998,86.57
09/15/1998,81.59
09/15/1998,118.85
09/15/1998,88.84
09/22/1998,80.86
09/22/1998,112.76
09/22/1998,88.1
09/29/1998,78.16
09/29/1998,106.91
09/29/1998,87.33
10/06/1998,74.76
10/06/1998,114.01
10/06/1998,85.52
10/13/1998,80.25
10/13/1998,116.19
10/13/1998,77.43
10/20/1998,79.51
10/20/1998,114.02
10/20/1998,78.28
10/27/1998,80.67
10/27/1998,100.25
10/27/1998,80.59
11/03/1998,80.52
11/03/1998,98.78
11/03/1998,80.07
11/10/1998,81.24
11/10/1998,96.35
11/10/1998,74.0
11/17/1998,80.13
11/17/1998,96.2
11/17/1998,78.3
11/24/1998,79.22
11/24/1998,109.19
11/24/1998,81.51
12/01/1998,76.3
12/01/1998,113.05
12/01/1998,76.9
12/08/1998,76.96
12/08/1998,126.93
12/08/1998,67.57
12/15/1998,80.15
12/15/1998,119.18
12/15/1998,76.97
12/22/1998,80.98
12/22/1998,117.6
12/22/1998,76.89
12/29/1998,75.79
12/29/1998,119.15
12/29/1998,75.85
01/05/1999,73.06
01/05/1999,117.74
01/05/1999,75.37
01/12/1999,81.32
01/12/1999,111.51
01/12/1999,77.98
01/19/1999,73.98
01/19/1999,116.66
01/19/1999,79.69
01/26/1999,78.26
01/26/1999,115.22
01/26/1999,85.84
02/02/1999,77.6
02/02/1999,118.34
02/02/1999,86.05
02/09/1999,79.73
02/09/1999,117.86
02/09/1999,86.43
02/16/1999,80.16
02/16/1999,117.53
02/16/1999,85.89
02/23/1999,78.93
02/23/1999,119.93
02/23/1999,84.29
03/02/1999,79.58
03/02/1999,117.29
03/02/1999,85.21
03/09/1999,79.51
03/09/1999,116.8
03/09/1999,83.66
03/16/1999,74.8
03/16/1999,116.14
03/16/1999,82.44
03/23/1999,73.83
03/23/1999,105.44
03/23/1999,83.68
03/30/1999,74.16
03/30/1999,118.75
03/30/1999,83.63
04/06/1999,65.94
04/06/1999,115.56
04/06/1999,84.82
04/13/1999,68.91
04/13/1999,116.72
04/13/1999,75.45
04/20/1999,65.3
04/20/1999,116.22
04/20/1999,72.04
04/27/1999,71.25
04/27/1999,104.55
04/27/1999,68.51
05/04/1999,71.01
05/04/1999,102.3
05/04/1999,68.82
05/11/1999,74.8
05/11/1999,99.65
05/11/1999,69.07
05/18/1999,71.16
05/18/1999,97.64
05/18/1999,71.69
05/25/1999,77.23
05/25/1999,96.87
05/25/1999,76.86
06/01/1999,77.23
06/01/1999,111.19
06/01/1999,74.95
06/08/1999,70.65
06/08/1999,123.75
06/08/1999,77.95
06/15/1999,73.25
06/15/1999,114.4
06/15/1999,79.21
06/22/1999,73.84
06/22/1999,112.53
06/22/1999,83.02
06/29/1999,76.78
06/29/1999,113.49
06/29/1999,82.94
07/06/1999,74.45
07/06/1999,112.95
07/06/1999,83.58
07/13/1999,76.95
07/13/1999,117.44
07/13/1999,84.99
07/20/1999,78.29
07/20/1999,117.12
07/20/1999,82.35
07/27/1999,77.85
07/27/1999,112.82
07/27/1999,89.27
08/03/1999,79.72
08/03/1999,111.79
08/03/1999,91.92
08/10/1999,81.09
08/10/1999,106.73
08/10/1999,85.88
08/17/1999,82.81
08/17/1999,108.28
08/17/1999,87.74
08/24/1999,82.71
08/24/1999,91.8
08/24/1999,88.08
08/31/1999,78.61
08/31/1999,86.12
08/31/1999,90.48
09/07/1999,76.73
09/07/1999,99.35
09/07/1999,90.1
09/14/1999,76.83
09/14/1999,115.28
09/14/1999,88.69
09/21/1999,62.33
09/21/1999,116.28
09/21/1999,86.91
09/28/1999,63.09
09/28/1999,117.93
09/28/1999,89.89
10/05/1999,63.2
10/05/1999,116.64
10/05/1999,90.75
10/12/1999,58.99
10/12/1999,111.27
10/12/1999,89.82
10/19/1999,59.86
10/19/1999,112.56
10/19/1999,85.38
10/26/1999,75.02
10/26/1999,105.23
10/26/1999,81.09
11/02/1999,76.45
11/02/1999,93.6
11/02/1999,83.47
11/09/1999,75.21
11/09/1999,103.57
11/09/1999,87.67
11/16/1999,73.41
11/16/1999,104.03
11/16/1999,86.15
11/23/1999,76.83
11/23/1999,110.28
11/23/1999,85.05
11/30/1999,77.18
11/30/1999,112.68
11/30/1999,82.13
12/07/1999,77.73
12/07/1999,115.33
12/07/1999,81.61
12/14/1999,79.28
12/14/1999,110.77
12/14/1999,79.71
12/21/1999,76.52
12/21/1999,109.95
12/21/1999,79.57
12/28/1999,73.97
12/28/1999,112.57
12/28/1999,80.54
01/04/2000,73.73
01/04/2000,109.33
01/04/2000,78.61
01/11/2000,76.08
01/11/2000,103.22
01/11/2000,81.59
01/18/2000,78.61
01/18/2000,102.62
01/18/2000,82.47
01/25/2000,76.78
01/25/2000,113.07
01/25/2000,83.68
02/01/2000,79.24
02/01/2000,117.86
02/01/2000,84.71
02/08/2000,80.55
02/08/2000,119.86
02/08/2000,88.48
02/15/2000,81.77
02/15/2000,118.35
02/15/2000,88.05
02/22/2000,82.57
02/22/2000,118.76
02/22/2000,88.25
02/29/2000,80.95
02/29/2000,118.75
02/29/2000,90.13
03/07/2000,82.35
03/07/2000,118.59
03/07/2000,84.32
03/14/2000,83.49
03/14/2000,119.14
03/14/2000,80.79
03/21/2000,81.01
03/21/2000,120.24
03/21/2000,76.8
03/28/2000,78.11
03/28/2000,111.47
03/28/2000,75.22
04/04/2000,78.41
04/04/2000,114.22
04/04/2000,77.54
04/11/2000,78.06
04/11/2000,109.42
04/11/2000,77.25
04/18/2000,77.62
04/18/2000,111.13
04/18/2000,75.96
04/25/2000,65.09
04/25/2000,119.97
04/25/2000,82.68
05/02/2000,64.47
05/02/2000,109.82
05/02/2000,85.1
05/09/2000,61.3
05/09/2000,101.3
05/09/2000,87.76
05/16/2000,58.81
05/16/2000,101.6
05/16/2000,85.27
05/23/2000,70.47
05/23/2000,110.01
05/23/2000,84.95
05/30/2000,76.2
05/30/2000,117.35
05/30/2000,85.12
06/06/2000,77.04
06/06/2000,118.56
06/06/2000,91.08
06/13/2000,77.96
06/13/2000,112.23
06/13/2000,86.33
06/20/2000,79.22
06/20/2000,112.15
06/20/2000,87.72
06/27/2000,78.36
06/27/2000,115.22
06/27/2000,91.11
07/04/2000,82.92
07/04/2000,114.95
07/04/2000,90.57
07/11/2000,79.9
07/11/2000,113.95
07/11/2000,90.65
07/18/2000,79.76
07/18/2000,118.28
07/18/2000,92.96
07/25/2000,80.01
07/25/2000,116.78
07/25/2000,92.07
08/01/2000,76.32
08/01/2000,116.27
08/01/2000,90.39
08/08/2000,76.89
08/08/2000,117.37
08/08/2000,89.17
08/15/2000,79.87
08/15/2000,114.73
08/15/2000,88.65
08/22/2000,80.39
08/22/2000,115.45
08/22/2000,89.08
08/29/2000,75.1
08/29/2000,112.73
08/29/2000,90.96
09/05/2000,75.16
09/05/2000,109.24
09/05/2000,84.39
09/12/2000,80.65
09/12/2000,115.15
09/12/2000,85.01
09/19/2000,79.79
09/19/2000,116.82
09/19/2000,87.06
09/26/2000,80.91
09/26/2000,115.15
09/26/2000,89.69
10/03/2000,83.16
10/03/2000,119.81
10/03/2000,92.29
10/10/2000,80.32
10/10/2000,111.16
10/10/2000,86.48
10/17/2000,79.85
10/17/2000,94.53
10/17/2000,88.0
10/24/2000,77.36
10/24/2000,90.29
10/24/2000,87.27
10/31/2000,75.31
10/31/2000,97.39
10/31/2000,87.81
11/07/2000,81.72
11/07/2000,122.1
11/07/2000,88.25
11/14/2000,80.22
11/14/2000,125.95
11/14/2000,81.27
11/21/2000,80.63
11/21/2000,127.26
11/21/2000,89.71
11/28/2000,82.45
11/28/2000,125.99
11/28/2000,88.46
12/05/2000,84.66
12/05/2000,118.26
12/05/2000,87.98
12/12/2000,79.32
12/12/2000,118.38
12/12/2000,88.41
12/19/2000,75.42
12/19/2000,121.31
12/19/2000,88.4
12/26/2000,77.88
12/26/2000,115.44
12/26/2000,87.71
01/02/2001,75.83
01/02/2001,124.55
01/02/2001,82.6
01/09/2001,72.4
01/09/2001,129.17
01/09/2001,82.07
01/16/2001,81.45
01/16/2001,131.9
01/16/2001,85.82
01/23/2001,83.62
01/23/2001,133.44
01/23/2001,89.5
01/30/2001,84.23
01/30/2001,129.86
01/30/2001,91.19
02/06/2001,81.57
02/06/2001,129.2
02/06/2001,91.76
02/13/2001,76.82
02/13/2001,129.22
02/13/2001,91.28
02/20/2001,77.32
02/20/2001,130.45
02/20/2001,91.08
02/27/2001,77.46
02/27/2001,127.18
02/27/2001,90.93
03/06/2001,82.98
03/06/2001,129.8
03/06/2001,89.47
03/13/2001,83.43
03/13/2001,128.86
03/13/2001,83.11
03/20/2001,83.02
03/20/2001,128.14
03/20/2001,81.55
03/27/2001,80.93
03/27/2001,128.39
03/27/2001,82.79
04/03/2001,76.23
04/03/2001,131.63
04/03/2001,77.58
04/10/2001,76.73
04/10/2001,125.91
04/10/2001,74.83
04/17/2001,82.44
04/17/2001,116.62
04/17/2001,68.7
04/24/2001,70.12
04/24/2001,117.32
04/24/2001,67.95
05/01/2001,75.06
05/01/2001,116.77
05/01/2001,79.61
05/08/2001,76.61
05/08/2001,122.57
05/08/2001,77.69
05/15/2001,74.11
05/15/2001,118.52
05/15/2001,55.22
05/22/2001,81.0
05/22/2001,125.6
05/22/2001,64.22
05/29/2001,83.75
05/29/2001,125.98
05/29/2001,63.69
06/05/2001,79.02
06/05/2001,124.29
06/05/2001,63.93
06/12/2001,77.75
06/12/2001,122.57
06/12/2001,65.32
06/19/2001,85.46
06/19/2001,120.67
06/19/2001,79.54
06/26/2001,81.87
06/26/2001,125.32
06/26/2001,91.57
07/03/2001,75.88
07/03/2001,124.53
07/03/2001,95.0
07/10/2001,78.55
07/10/2001,123.83
07/10/2001,94.97
07/17/2001,83.81
07/17/2001,130.85
07/17/2001,95.79
07/24/2001,84.37
07/24/2001,123.65
07/24/2001,95.52
07/31/2001,82.0
07/31/2001,127.78
07/31/2001,94.37
08/07/2001,77.76
08/07/2001,129.3
08/07/2001,93.32
08/14/2001,80.4
08/14/2001,125.93
08/14/2001,95.0
08/21/2001,81.54
08/21/2001,123.89
08/21/2001,95.34
08/28/2001,72.44
08/28/2001,121.06
08/28/2001,94.51
09/04/2001,72.29
09/04/2001,125.54
09/04/2001,87.21
09/11/2001,73.82
09/11/2001,127.8
09/11/2001,83.43
09/18/2001,68.32
09/18/2001,124.29
09/18/2001,78.23
09/25/2001,62.35
09/25/2001,103.65
09/25/2001,80.06
10/02/2001,67.41
10/02/2001,88.74
10/02/2001,71.59
10/09/2001,74.36
10/09/2001,87.55
10/09/2001,73.18
10/16/2001,75.06
10/16/2001,98.37
10/16/2001,74.53
10/23/2001,75.14
10/23/2001,107.64
10/23/2001,86.03
10/30/2001,76.91
10/30/2001,119.92
10/30/2001,89.15
11/06/2001,76.0
11/06/2001,108.93
11/06/2001,87.68
11/13/2001,77.82
11/13/2001,112.88
11/13/2001,89.24
11/20/2001,76.37
11/20/2001,118.12
11/20/2001,88.26
11/27/2001,81.02
11/27/2001,105.7
11/27/2001,88.73
12/04/2001,79.45
12/04/2001,118.33
12/04/2001,84.06
12/11/2001,78.76
12/11/2001,129.74
12/11/2001,80.54
12/18/2001,76.56
12/18/2001,129.95
12/18/2001,81.56
12/25/2001,72.41
12/25/2001,134.02
12/25/2001,81.37
01/01/2002,73.08
01/01/2002,131.71
01/01/2002,77.31
01/08/2002,73.6
01/08/2002,134.21
01/08/2002,89.16
01/15/2002,73.34
01/15/2002,135.69
01/15/2002,91.5
01/22/2002,76.05
01/22/2002,122.7
01/22/2002,90.27
01/29/2002,75.17
01/29/2002,128.92
01/29/2002,89.52
02/05/2002,76.52
02/05/2002,131.87
02/05/2002,88.61
02/12/2002,74.71
02/12/2002,132.76
02/12/2002,88.33
02/19/2002,73.94
02/19/2002,132.2
02/19/2002,89.98
02/26/2002,71.64
02/26/2002,126.82
02/26/2002,89.12
03/05/2002,73.98
03/05/2002,127.46
03/05/2002,87.75
03/12/2002,69.33
03/12/2002,122.85
03/12/2002,87.29
03/19/2002,72.88
03/19/2002,116.08
03/19/2002,85.27
03/26/2002,77.27
03/26/2002,129.51
03/26/2002,86.39
04/02/2002,79.11
04/02/2002,128.91
04/02/2002,79.06
04/09/2002,63.35
04/09/2002,123.25
04/09/2002,73.38
04/16/2002,66.65
04/16/2002,117.93
04/16/2002,72.04
04/23/2002,69.9
04/23/2002,126.48
04/23/2002,61.81
04/30/2002,72.7
04/30/2002,132.23
04/30/2002,62.01
05/07/2002,73.67
05/07/2002,125.69
05/07/2002,66.65
05/14/2002,79.25
05/14/2002,117.04
05/14/2002,71.49
05/21/2002,79.99
05/21/2002,115.09
05/21/2002,77.96
05/28/2002,72.47
05/28/2002,120.21
05/28/2002,82.85
06/04/2002,71.98
06/04/2002,127.35
06/04/2002,84.08
06/11/2002,72.5
06/11/2002,128.52
06/11/2002,81.08
06/18/2002,74.94
06/18/2002,125.62
06/18/2002,80.53
06/25/2002,74.75
06/25/2002,124.74
06/25/2002,76.32
07/02/2002,74.52
07/02/2002,129.8
07/02/2002,78.49
07/09/2002,80.46
07/09/2002,127.0
07/09/2002,85.73
07/16/2002,80.81
07/16/2002,124.88
07/16/2002,86.5
07/23/2002,79.93
07/23/2002,128.13
07/23/2002,89.85
07/30/2002,78.24
07/30/2002,129.45
07/30/2002,89.6
08/06/2002,78.36
08/06/2002,126.77
08/06/2002,83.97
08/13/2002,79.52
08/13/2002,129.34
08/13/2002,91.18
08/20/2002,82.92
08/20/2002,127.72
08/20/2002,91.21
08/27/2002,81.7
08/27/2002,129.12
08/27/2002,90.71
09/03/2002,71.78
09/03/2002,132.32
09/03/2002,90.51
09/10/2002,78.97
09/10/2002,125.02
09/10/2002,87.5
09/17/2002,79.26
09/17/2002,133.97
09/17/2002,89.62
09/24/2002,76.79
09/24/2002,132.14
09/24/2002,91.18
10/01/2002,76.49
10/01/2002,130.29
10/01/2002,89.96
10/08/2002,75.6
10/08/2002,131.37
10/08/2002,87.63
10/15/2002,71.27
10/15/2002,133.06
10/15/2002,83.79
10/22/2002,77.57
10/22/2002,133.03
10/22/2002,83.56
10/29/2002,72.79
10/29/2002,130.76
10/29/2002,81.95
11/05/2002,75.41
11/05/2002,126.08
11/05/2002,81.08
11/12/2002,78.23
11/12/2002,129.46
11/12/2002,79.49
11/19/2002,80.12
11/19/2002,136.66
11/19/2002,78.33
11/26/2002,79.31
11/26/2002,138.19
11/26/2002,81.89
12/03/2002,78.58
12/03/2002,134.96
12/03/2002,82.43
12/10/2002,75.38
12/10/2002,134.09
12/10/2002,84.52
12/17/2002,68.63
12/17/2002,136.45
12/17/2002,83.16
12/24/2002,75.13
12/24/2002,140.3
12/24/2002,81.42
12/31/2002,76.93
12/31/2002,140.74
12/31/2002,80.96
01/07/2003,76.95
01/07/2003,134.14
01/07/2003,89.27
01/14/2003,79.37
01/14/2003,133.25
01/14/2003,88.29
01/21/2003,77.67
01/21/2003,127.46
01/21/2003,88.33
01/28/2003,76.91
01/28/2003,131.28
01/28/2003,82.62
02/04/2003,72.37
02/04/2003,135.94
02/04/2003,82.09
02/11/2003,75.5
02/11/2003,135.86
02/11/2003,81.28
02/18/2003,81.68
02/18/2003,123.07
02/18/2003,83.03
02/25/2003,75.28
02/25/2003,133.99
02/25/2003,91.45
03/04/2003,74.74
03/04/2003,130.17
03/04/2003,85.91
03/11/2003,76.43
03/11/2003,133.53
03/11/2003,81.85
03/18/2003,81.26
03/18/2003,142.06
03/18/2003,80.92
03/25/2003,76.04
03/25/2003,141.79
03/25/2003,83.08
04/01/2003,74.54
04/01/2003,140.55
04/01/2003,74.54
04/08/2003,75.61
04/08/2003,135.19
04/08/2003,65.77
04/15/2003,70.21
04/15/2003,134.85
04/15/2003,68.89
04/22/2003,69.72
04/22/2003,137.38
04/22/2003,82.59
04/29/2003,74.36
04/29/2003,134.79
04/29/2003,86.3
05/06/2003,83.5
05/06/2003,139.33
05/06/2003,88.4
05/13/2003,80.76
05/13/2003,132.46
05/13/2003,89.14
05/20/2003,80.17
05/20/2003,133.93
05/20/2003,86.97
05/27/2003,83.61
05/27/2003,138.15
05/27/2003,88.45
06/03/2003,78.72
06/03/2003,138.75
06/03/2003,85.91
06/10/2003,72.23
06/10/2003,134.25
06/10/2003,89.24
06/17/2003,77.05
06/17/2003,135.96
06/17/2003,87.27
06/24/2003,81.11
06/24/2003,133.44
06/24/2003,85.8
07/01/2003,79.07
07/01/2003,134.87
07/01/2003,87.65
07/08/2003,78.18
07/08/2003,138.6
07/08/2003,87.13
07/15/2003,71.06
07/15/2003,137.62
07/15/2003,86.92
07/22/2003,73.5
07/22/2003,135.3
07/22/2003,86.09
07/29/2003,80.02
07/29/2003,134.31
07/29/2003,84.32
08/05/2003,81.03
08/05/2003,140.6
08/05/2003,85.31
08/12/2003,84.43
08/12/2003,141.47
08/12/2003,82.75
08/19/2003,43.73
08/19/2003,140.89
08/19/2003,84.44
08/26/2003,68.29
08/26/2003,139.29
08/26/2003,84.98
09/02/2003,81.93
09/02/2003,137.84
09/02/2003,86.45
09/09/2003,78.44
09/09/2003,136.42
09/09/2003,85.7
09/16/2003,80.27
09/16/2003,136.71
09/16/2003,87.11
09/23/2003,82.44
09/23/2003,119.53
09/23/2003,91.35
09/30/2003,83.49
09/30/2003,104.91
09/30/2003,95.66
10/07/2003,79.3
10/07/2003,111.44
10/07/2003,89.92
10/14/2003,78.65
10/14/2003,116.69
10/14/2003,88.72
10/21/2003,75.21
10/21/2003,134.44
10/21/2003,96.24
10/28/2003,75.34
10/28/2003,139.89
10/28/2003,97.22
11/04/2003,75.78
11/04/2003,139.98
11/04/2003,94.81
11/11/2003,72.63
11/11/2003,139.04
11/11/2003,94.32
11/18/2003,72.33
11/18/2003,138.83
11/18/2003,89.13
11/25/2003,70.53
11/25/2003,137.7
11/25/2003,88.54
12/02/2003,75.07
12/02/2003,136.5
12/02/2003,94.03
12/09/2003,71.46
12/09/2003,138.2
12/09/2003,94.25
12/16/2003,73.78
12/16/2003,137.68
12/16/2003,92.4
12/23/2003,76.22
12/23/2003,136.89
12/23/2003,91.34
12/30/2003,76.49
12/30/2003,137.76
12/30/2003,89.78
01/06/2004,80.3
01/06/2004,138.9
01/06/2004,92.07
01/13/2004,81.85
01/13/2004,134.24
01/13/2004,98.27
01/20/2004,83.41
01/20/2004,134.29
01/20/2004,95.73
01/27/2004,81.3
01/27/2004,136.55
01/27/2004,96.83
02/03/2004,82.56
02/03/2004,137.9
02/03/2004,92.25
02/10/2004,81.81
02/10/2004,138.6
02/10/2004,89.1
02/17/2004,81.04
02/17/2004,139.93
02/17/2004,93.08
02/24/2004,83.4
02/24/2004,136.41
02/24/2004,92.64
03/02/2004,83.07
03/02/2004,135.8
03/02/2004,89.67
03/09/2004,83.57
03/09/2004,136.36
03/09/2004,90.87
03/16/2004,81.13
03/16/2004,136.21
03/16/2004,89.2
03/23/2004,80.7
03/23/2004,134.69
03/23/2004,94.38
03/30/2004,77.08
03/30/2004,136.7
03/30/2004,97.4
04/06/2004,81.76
04/06/2004,136.45
04/06/2004,87.3
04/13/2004,83.77
04/13/2004,139.08
04/13/2004,87.36
04/20/2004,79.86
04/20/2004,140.42
04/20/2004,80.29
04/27/2004,75.21
04/27/2004,128.85
04/27/2004,74.34
05/04/2004,75.76
05/04/2004,126.58
05/04/2004,70.2
05/11/2004,77.95
05/11/2004,125.47
05/11/2004,72.34
05/18/2004,75.39
05/18/2004,123.76
05/18/2004,84.27
05/25/2004,79.36
05/25/2004,126.04
05/25/2004,78.74
06/01/2004,78.15
06/01/2004,134.56
06/01/2004,69.88
06/08/2004,77.33
06/08/2004,135.34
06/08/2004,77.01
06/15/2004,80.02
06/15/2004,135.65
06/15/2004,92.83
06/22/2004,82.41
06/22/2004,135.19
06/22/2004,97.97
06/29/2004,81.06
06/29/2004,139.71
06/29/2004,99.91
07/06/2004,82.77
07/06/2004,137.43
07/06/2004,95.87
07/13/2004,85.13
07/13/2004,138.82
07/13/2004,95.41
07/20/2004,80.83
07/20/2004,141.61
07/20/2004,97.46
07/27/2004,81.6
07/27/2004,141.33
07/27/2004,98.57
08/03/2004,81.07
08/03/2004,140.77
08/03/2004,95.87
08/10/2004,81.93
08/10/2004,140.35
08/10/2004,98.4
08/17/2004,83.38
08/17/2004,138.33
08/17/2004,99.56
08/24/2004,82.24
08/24/2004,137.05
08/24/2004,98.02
08/31/2004,82.65
08/31/2004,119.47
08/31/2004,96.71
09/07/2004,82.33
09/07/2004,139.41
09/07/2004,98.99
09/14/2004,82.89
09/14/2004,136.84
09/14/2004,96.83
09/21/2004,75.76
09/21/2004,139.15
09/21/2004,95.72
09/28/2004,72.3
09/28/2004,117.51
09/28/2004,94.77
10/05/2004,76.73
10/05/2004,130.52
10/05/2004,94.24
10/12/2004,83.23
10/12/2004,123.09
10/12/2004,94.36
10/19/2004,84.03
10/19/2004,114.16
10/19/2004,94.12
10/26/2004,80.56
10/26/2004,113.16
10/26/2004,85.3
11/02/2004,83.18
11/02/2004,117.62
11/02/2004,96.37
11/09/2004,80.94
11/09/2004,107.44
11/09/2004,96.67
11/16/2004,76.53
11/16/2004,130.83
11/16/2004,95.3
11/23/2004,77.15
11/23/2004,134.1
11/23/2004,94.59
11/30/2004,76.36
11/30/2004,131.93
11/30/2004,86.41
12/07/2004,76.47
12/07/2004,141.26
12/07/2004,92.28
12/14/2004,78.0
12/14/2004,142.81
12/14/2004,87.13
12/21/2004,76.07
12/21/2004,145.61
12/21/2004,78.85
12/28/2004,76.15
12/28/2004,146.43
12/28/2004,91.94
01/04/2005,78.36
01/04/2005,145.33
01/04/2005,94.18
01/11/2005,76.03
01/11/2005,138.2
01/11/2005,94.91
01/18/2005,76.55
01/18/2005,140.28
01/18/2005,92.67
01/25/2005,71.55
01/25/2005,147.21
01/25/2005,93.0
02/01/2005,72.83
02/01/2005,137.82
02/01/2005,96.88
02/08/2005,75.12
02/08/2005,138.1
02/08/2005,97.5
02/15/2005,75.27
02/15/2005,139.29
02/15/2005,97.0
02/22/2005,74.46
02/22/2005,139.67
02/22/2005,96.36
03/01/2005,75.99
03/01/2005,147.38
03/01/2005,95.41
03/08/2005,76.72
03/08/2005,145.63
03/08/2005,88.71
03/15/2005,75.95
03/15/2005,144.69
03/15/2005,87.67
03/22/2005,74.92
03/22/2005,144.56
03/22/2005,83.2
03/29/2005,74.89
03/29/2005,146.66
03/29/2005,84.4
04/05/2005,75.98
04/05/2005,136.88
04/05/2005,73.86
04/12/2005,70.38
04/12/2005,139.72
04/12/2005,69.79
04/19/2005,63.93
04/19/2005,136.6
04/19/2005,72.11
04/26/2005,61.72
04/26/2005,136.14
04/26/2005,82.68
05/03/2005,66.08
05/03/2005,142.66
05/03/2005,83.0
05/10/2005,66.68
05/10/2005,143.48
05/10/2005,95.78
05/17/2005,66.6
05/17/2005,135.88
05/17/2005,98.86
05/24/2005,71.66
05/24/2005,125.05
05/24/2005,100.76
05/31/2005,70.01
05/31/2005,130.23
05/31/2005,98.42
06/07/2005,69.2
06/07/2005,126.14
06/07/2005,97.16
06/14/2005,65.48
06/14/2005,133.1
06/14/2005,95.45
06/21/2005,63.72
06/21/2005,137.13
06/21/2005,99.74
06/28/2005,62.99
06/28/2005,139.81
06/28/2005,97.32
07/05/2005,59.53
07/05/2005,141.1
07/05/2005,97.28
07/12/2005,50.71
07/12/2005,142.96
07/12/2005,94.6
07/19/2005,52.24
07/19/2005,142.27
07/19/2005,93.92
07/26/2005,64.25
07/26/2005,141.84
07/26/2005,91.84
08/02/2005,66.75
08/02/2005,144.88
08/02/2005,92.64
08/09/2005,65.94
08/09/2005,142.68
08/09/2005,74.83
08/16/2005,66.79
08/16/2005,141.71
08/16/2005,85.74
08/23/2005,66.71
08/23/2005,143.91
08/23/2005,88.32
08/30/2005,64.29
08/30/2005,141.76
08/30/2005,100.4
09/06/2005,58.67
09/06/2005,142.68
09/06/2005,102.25
09/13/2005,59.37
09/13/2005,142.39
09/13/2005,89.02
09/20/2005,59.65
09/20/2005,141.94
09/20/2005,82.84
09/27/2005,60.26
09/27/2005,138.86
09/27/2005,78.84
10/04/2005,53.82
10/04/2005,140.85
10/04/2005,88.39
10/11/2005,57.94
10/11/2005,142.06
10/11/2005,90.67
10/18/2005,56.32
10/18/2005,138.61
10/18/2005,93.71
10/25/2005,64.38
10/25/2005,141.69
10/25/2005,90.56
11/01/2005,65.39
11/01/2005,142.89
11/01/2005,96.19
11/08/2005,61.71
11/08/2005,138.92
11/08/2005,95.22
11/15/2005,60.51
11/15/2005,138.36
11/15/2005,100.77
11/22/2005,63.63
11/22/2005,138.97
11/22/2005,98.15
11/29/2005,59.9
11/29/2005,137.55
11/29/2005,98.51
12/06/2005,62.03
12/06/2005,130.92
12/06/2005,94.0
12/13/2005,60.0
12/13/2005,136.68
12/13/2005,89.72
12/20/2005,62.35
12/20/2005,138.1
12/20/2005,92.58
12/27/2005,63.89
12/27/2005,138.59
12/27/2005,99.85
01/03/2006,61.56
01/03/2006,130.79
01/03/2006,99.77
01/10/2006,61.89
01/10/2006,130.28
01/10/2006,98.93
01/17/2006,61.97
01/17/2006,138.02
01/17/2006,97.6
01/24/2006,60.2
01/24/2006,139.2
01/24/2006,96.28
01/31/2006,64.3
01/31/2006,135.97
01/31/2006,94.72
02/07/2006,64.79
02/07/2006,137.13
02/07/2006,100.42
02/14/2006,61.94
02/14/2006,138.02
02/14/2006,98.08
02/21/2006,66.26
02/21/2006,135.35
02/21/2006,98.28
02/28/2006,65.61
02/28/2006,137.9
02/28/2006,94.62
03/07/2006,62.21
03/07/2006,136.28
03/07/2006,90.62
03/14/2006,62.63
03/14/2006,133.9
03/14/2006,88.91
03/21/2006,66.45
03/21/2006,140.71
03/21/2006,89.09
03/28/2006,65.73
03/28/2006,143.28
03/28/2006,95.56
04/04/2006,64.32
04/04/2006,140.23
04/04/2006,77.27
04/11/2006,46.19
04/11/2006,119.02
04/11/2006,73.16
04/18/2006,50.29
04/18/2006,134.38
04/18/2006,71.14
04/25/2006,50.62
04/25/2006,136.78
04/25/2006,64.18
05/02/2006,50.76
05/02/2006,121.84
05/02/2006,70.74
05/09/2006,51.32
05/09/2006,104.84
05/09/2006,76.99
05/16/2006,50.48
05/16/2006,109.06
05/16/2006,80.03
05/23/2006,47.95
05/23/2006,105.04
05/23/2006,75.01
05/30/2006,60.79
05/30/2006,123.42
05/30/2006,83.57
06/06/2006,62.92
06/06/2006,133.46
06/06/2006,80.36
06/13/2006,66.36
06/13/2006,134.65
06/13/2006,80.91
06/20/2006,67.32
06/20/2006,133.8
06/20/2006,78.52
06/27/2006,46.58
06/27/2006,141.09
06/27/2006,87.92
07/04/2006,63.84
07/04/2006,143.54
07/04/2006,80.99
07/11/2006,63.86
07/11/2006,142.62
07/11/2006,96.45
07/18/2006,64.73
07/18/2006,143.45
07/18/2006,99.73
07/25/2006,67.29
07/25/2006,143.31
07/25/2006,100.48
08/01/2006,66.38
08/01/2006,144.0
08/01/2006,99.45
08/08/2006,65.26
08/08/2006,142.91
08/08/2006,95.34
08/15/2006,66.73
08/15/2006,145.72
08/15/2006,97.18
08/22/2006,64.23
08/22/2006,145.37
08/22/2006,101.7
08/29/2006,68.01
08/29/2006,144.92
08/29/2006,100.02
09/05/2006,69.83
09/05/2006,142.13
09/05/2006,100.32
09/12/2006,68.66
09/12/2006,141.99
09/12/2006,100.09
09/19/2006,63.77
09/19/2006,138.28
09/19/2006,100.98
09/26/2006,62.17
09/26/2006,119.05
09/26/2006,100.8
10/03/2006,62.83
10/03/2006,119.37
10/03/2006,98.09
10/10/2006,60.75
10/10/2006,120.27
10/10/2006,99.37
10/17/2006,56.71
10/17/2006,110.65
10/17/2006,94.59
10/24/2006,58.95
10/24/2006,108.71
10/24/2006,90.08
10/31/2006,56.69
10/31/2006,126.67
10/31/2006,97.78
11/07/2006,54.21
11/07/2006,135.94
11/07/2006,102.26
11/14/2006,54.14
11/14/2006,137.6
11/14/2006,98.91
11/21/2006,56.91
11/21/2006,137.85
11/21/2006,91.74
11/28/2006,62.37
11/28/2006,135.2
11/28/2006,89.86
12/05/2006,64.81
12/05/2006,139.8
12/05/2006,87.45
12/12/2006,64.37
12/12/2006,125.59
12/12/2006,87.47
12/19/2006,63.14
12/19/2006,139.83
12/19/2006,89.03
12/26/2006,65.08
12/26/2006,142.86
12/26/2006,92.28
01/02/2007,65.33
01/02/2007,140.14
01/02/2007,93.81
01/09/2007,61.37
01/09/2007,140.62
01/09/2007,95.3
01/16/2007,62.55
01/16/2007,140.15
01/16/2007,82.47
01/23/2007,60.67
01/23/2007,139.07
01/23/2007,87.15
01/30/2007,61.94
01/30/2007,138.96
01/30/2007,100.48
02/06/2007,60.52
02/06/2007,138.86
02/06/2007,97.53
02/13/2007,59.04
02/13/2007,141.35
02/13/2007,93.85
02/20/2007,49.19
02/20/2007,140.59
02/20/2007,92.62
02/27/2007,47.37
02/27/2007,143.5
02/27/2007,95.77
03/06/2007,53.93
03/06/2007,146.47
03/06/2007,99.08
03/13/2007,54.59
03/13/2007,138.3
03/13/2007,97.31
03/20/2007,58.0
03/20/2007,131.74
03/20/2007,97.41
03/27/2007,61.9
03/27/2007,137.05
03/27/2007,95.75
04/03/2007,61.97
04/03/2007,144.42
04/03/2007,87.12
04/10/2007,61.99
04/10/2007,142.75
04/10/2007,82.59
04/17/2007,61.79
04/17/2007,144.17
04/17/2007,83.75
04/24/2007,60.28
04/24/2007,133.86
04/24/2007,84.2
05/01/2007,57.47
05/01/2007,134.42
05/01/2007,80.92
05/08/2007,62.03
05/08/2007,134.42
05/08/2007,83.73
05/15/2007,53.44
05/15/2007,128.37
05/15/2007,90.04
05/22/2007,62.23
05/22/2007,134.65
05/22/2007,94.07
05/29/2007,60.31
05/29/2007,143.15
05/29/2007,94.53
06/05/2007,60.14
06/05/2007,144.15
06/05/2007,82.71
06/12/2007,62.07
06/12/2007,145.35
06/12/2007,88.17
06/19/2007,63.95
06/19/2007,142.64
06/19/2007,98.16
06/26/2007,64.48
06/26/2007,143.14
06/26/2007,99.14
07/03/2007,65.85
07/03/2007,147.72
07/03/2007,102.95
07/10/2007,63.4
07/10/2007,146.89
07/10/2007,98.46
07/17/2007,55.79
07/17/2007,147.44
07/17/2007,101.41
07/24/2007,58.89
07/24/2007,143.77
07/24/2007,99.94
07/31/2007,60.73
07/31/2007,143.86
07/31/2007,99.33
08/07/2007,60.65
08/07/2007,147.0
08/07/2007,102.66
08/14/2007,62.04
08/14/2007,146.95
08/14/2007,101.6
08/21/2007,54.47
08/21/2007,146.29
08/21/2007,99.67
08/28/2007,55.69
08/28/2007,142.42
08/28/2007,96.9
09/04/2007,54.77
09/04/2007,143.86
09/04/2007,89.98
09/11/2007,54.37
09/11/2007,140.49
09/11/2007,88.58
09/18/2007,53.53
09/18/2007,141.35
09/18/2007,86.06
09/25/2007,55.3
09/25/2007,135.59
09/25/2007,92.22
10/02/2007,56.0
10/02/2007,137.37
10/02/2007,92.92
10/09/2007,53.33
10/09/2007,137.75
10/09/2007,92.21
10/16/2007,56.14
10/16/2007,128.97
10/16/2007,95.18
10/23/2007,58.02
10/23/2007,112.61
10/23/2007,93.76
10/30/2007,59.89
10/30/2007,109.21
10/30/2007,99.68
11/06/2007,58.88
11/06/2007,113.94
11/06/2007,97.59
11/13/2007,64.28
11/13/2007,122.88
11/13/2007,93.17
11/20/2007,52.62
11/20/2007,122.54
11/20/2007,95.37
11/27/2007,54.84
11/27/2007,130.36
11/27/2007,91.66
12/04/2007,61.09
12/04/2007,134.76
12/04/2007,90.19
12/11/2007,60.24
12/11/2007,135.98
12/11/2007,94.21
12/18/2007,60.67
12/18/2007,139.39
12/18/2007,88.13
12/25/2007,61.14
12/25/2007,140.15
12/25/2007,98.32
01/01/2008,61.35
01/01/2008,146.65
01/01/2008,100.23
01/08/2008,61.72
01/08/2008,144.43
01/08/2008,87.6
01/15/2008,63.49
01/15/2008,145.53
01/15/2008,87.55
01/22/2008,65.09
01/22/2008,146.6
01/22/2008,84.12
01/29/2008,66.06
01/29/2008,148.44
01/29/2008,77.63
02/05/2008,64.24
02/05/2008,137.3
02/05/2008,68.53
02/12/2008,64.73
02/12/2008,139.35
02/12/2008,79.58
02/19/2008,64.15
02/19/2008,143.95
02/19/2008,83.55
02/26/2008,64.04
02/26/2008,144.24
02/26/2008,76.76
03/04/2008,62.58
03/04/2008,143.6
03/04/2008,69.43
03/11/2008,62.43
03/11/2008,139.17
03/11/2008,71.0
03/18/2008,51.58
03/18/2008,134.14
03/18/2008,65.84
03/25/2008,54.09
03/25/2008,130.99
03/25/2008,67.96
04/01/2008,53.7
04/01/2008,132.84
04/01/2008,62.74
04/08/2008,64.49
04/08/2008,130.52
04/08/2008,66.97
04/15/2008,66.82
04/15/2008,130.45
04/15/2008,71.42
04/22/2008,65.04
04/22/2008,133.94
04/22/2008,68.05
04/29/2008,62.01
04/29/2008,138.0
04/29/2008,63.73
05/06/2008,61.72
05/06/2008,136.2
05/06/2008,69.88
05/13/2008,61.22
05/13/2008,136.62
05/13/2008,74.77
05/20/2008,62.15
05/20/2008,138.41
05/20/2008,79.99
05/27/2008,54.8
05/27/2008,140.1
05/27/2008,81.9
06/03/2008,55.14
06/03/2008,137.78
06/03/2008,77.89
06/10/2008,58.05
06/10/2008,144.68
06/10/2008,83.74
06/17/2008,57.9
06/17/2008,139.28
06/17/2008,81.48
06/24/2008,67.82
06/24/2008,140.98
06/24/2008,79.69
07/01/2008,66.85
07/01/2008,145.24
07/01/2008,79.98
07/08/2008,64.68
07/08/2008,142.16
07/08/2008,72.41
07/15/2008,64.82
07/15/2008,143.64
07/15/2008,71.82
07/22/2008,63.17
07/22/2008,142.33
07/22/2008,76.81
07/29/2008,63.33
07/29/2008,140.43
07/29/2008,79.12
08/05/2008,62.54
08/05/2008,137.7
08/05/2008,78.98
08/12/2008,64.21
08/12/2008,142.74
08/12/2008,78.65
08/19/2008,57.75
08/19/2008,120.76
08/19/2008,69.19
08/26/2008,57.59
08/26/2008,115.21
08/26/2008,71.47
09/02/2008,58.41
09/02/2008,119.89
09/02/2008,73.92
09/09/2008,58.57
09/09/2008,116.46
09/09/2008,69.96
09/16/2008,61.68
09/16/2008,119.7
09/16/2008,65.41
09/23/2008,60.6
09/23/2008,131.17
09/23/2008,68.21
09/30/2008,59.67
09/30/2008,137.41
09/30/2008,68.42
10/07/2008,61.48
10/07/2008,144.68
10/07/2008,61.56
10/14/2008,61.86
10/14/2008,145.16
10/14/2008,60.58
10/21/2008,63.77
10/21/2008,146.05
10/21/2008,47.85
10/28/2008,62.19
10/28/2008,141.37
10/28/2008,46.34
11/04/2008,60.42
11/04/2008,147.38
11/04/2008,68.2
11/11/2008,58.77
11/11/2008,121.22
11/11/2008,70.57
11/18/2008,61.7
11/18/2008,124.41
11/18/2008,79.03
11/25/2008,62.27
11/25/2008,121.8
11/25/2008,74.1
12/02/2008,59.84
12/02/2008,134.07
12/02/2008,82.9
12/09/2008,61.12
12/09/2008,143.04
12/09/2008,78.73
12/16/2008,61.57
12/16/2008,136.24
12/16/2008,79.5
12/23/2008,60.22
12/23/2008,142.1
12/23/2008,77.31
12/30/2008,58.32
12/30/2008,147.15
12/30/2008,78.23
01/06/2009,59.35
01/06/2009,141.24
01/06/2009,89.83
01/13/2009,59.03
01/13/2009,141.95
01/13/2009,77.05
01/20/2009,58.65
01/20/2009,148.11
01/20/2009,77.97
01/27/2009,54.18
01/27/2009,145.99
01/27/2009,78.83
02/03/2009,51.05
02/03/2009,146.04
02/03/2009,75.42
02/10/2009,53.46
02/10/2009,144.03
02/10/2009,78.83
02/17/2009,52.76
02/17/2009,148.29
02/17/2009,77.08
02/24/2009,60.68
02/24/2009,150.94
02/24/2009,73.82
03/03/2009,62.15
03/03/2009,143.31
03/03/2009,75.11
03/10/2009,61.48
03/10/2009,142.31
03/10/2009,79.59
03/17/2009,58.2
03/17/2009,141.5
03/17/2009,81.14
03/24/2009,56.35
03/24/2009,139.79
03/24/2009,79.08
03/31/2009,54.79
03/31/2009,142.02
03/31/2009,73.58
04/07/2009,47.52
04/07/2009,133.91
04/07/2009,65.09
04/14/2009,46.18
04/14/2009,125.47
04/14/2009,59.41
04/21/2009,43.31
04/21/2009,130.35
04/21/2009,54.99
04/28/2009,42.83
04/28/2009,125.88
04/28/2009,56.72
05/05/2009,49.52
05/05/2009,107.79
05/05/2009,66.89
05/12/2009,56.01
05/12/2009,106.86
05/12/2009,72.91
05/19/2009,62.24
05/19/2009,131.31
05/19/2009,73.87
05/26/2009,60.65
05/26/2009,137.78
05/26/2009,71.95
06/02/2009,60.42
06/02/2009,140.19
06/02/2009,54.35
06/09/2009,61.41
06/09/2009,140.5
06/09/2009,54.35
06/16/2009,61.07
06/16/2009,138.99
06/16/2009,57.26
06/23/2009,60.36
06/23/2009,145.32
06/23/2009,56.92
06/30/2009,60.07
06/30/2009,146.81
06/30/2009,60.41
07/07/2009,60.29
07/07/2009,140.81
07/07/2009,69.03
07/14/2009,62.42
07/14/2009,140.58
07/14/2009,78.79
07/21/2009,55.7
07/21/2009,143.21
07/21/2009,63.95
07/28/2009,50.87
07/28/2009,143.94
07/28/2009,69.75
08/04/2009,50.69
08/04/2009,143.55
08/04/2009,72.71
08/11/2009,52.9
08/11/2009,144.29
08/11/2009,73.78
08/18/2009,58.17
08/18/2009,141.34
08/18/2009,77.1
08/25/2009,54.48
08/25/2009,140.83
08/25/2009,78.04
09/01/2009,58.14
09/01/2009,127.82
09/01/2009,77.65
09/08/2009,54.59
09/08/2009,112.93
09/08/2009,73.86
09/15/2009,51.47
09/15/2009,111.25
09/15/2009,75.01
09/22/2009,52.47
09/22/2009,115.95
09/22/2009,81.81
09/29/2009,52.42
09/29/2009,102.82
09/29/2009,78.7
10/06/2009,50.42
10/06/2009,100.57
10/06/2009,79.95
10/13/2009,52.2
10/13/2009,107.34
10/13/2009,74.12
10/20/2009,50.14
10/20/2009,111.38
10/20/2009,75.47
10/27/2009,47.64
10/27/2009,128.34
10/27/2009,77.93
11/03/2009,53.97
11/03/2009,129.88
11/03/2009,76.88
11/10/2009,52.87
11/10/2009,132.31
11/10/2009,77.54
11/17/2009,50.8
11/17/2009,128.13
11/17/2009,77.58
11/24/2009,50.28
11/24/2009,127.48
11/24/2009,78.79
12/01/2009,49.65
12/01/2009,129.41
12/01/2009,79.35
12/08/2009,49.75
12/08/2009,128.85
12/08/2009,76.98
12/15/2009,56.0
12/15/2009,142.96
12/15/2009,72.59
12/22/2009,55.15
12/22/2009,144.25
12/22/2009,74.47
12/29/2009,52.5
12/29/2009,144.59
12/29/2009,77.61
01/05/2010,57.72
01/05/2010,144.6
01/05/2010,81.17
01/12/2010,59.73
01/12/2010,142.77
01/12/2010,73.47
01/19/2010,58.12
01/19/2010,139.25
01/19/2010,81.98
01/26/2010,58.99
01/26/2010,136.36
01/26/2010,84.02
02/02/2010,58.33
02/02/2010,128.05
02/02/2010,80.47
02/09/2010,60.07
02/09/2010,122.15
02/09/2010,77.1
02/16/2010,56.51
02/16/2010,124.73
02/16/2010,83.59
02/23/2010,54.47
02/23/2010,125.68
02/23/2010,79.11
03/02/2010,58.7
03/02/2010,123.29
03/02/2010,83.86
03/09/2010,55.99
03/09/2010,120.85
03/09/2010,81.32
03/16/2010,58.16
03/16/2010,124.94
03/16/2010,77.31
03/23/2010,59.21
03/23/2010,128.66
03/23/2010,79.57
03/30/2010,57.52
03/30/2010,137.58
03/30/2010,79.6
04/06/2010,55.27
04/06/2010,142.95
04/06/2010,71.46
04/13/2010,55.96
04/13/2010,147.02
04/13/2010,55.55
04/20/2010,54.59
04/20/2010,144.92
04/20/2010,56.86
04/27/2010,55.7
04/27/2010,142.55
04/27/2010,56.52
05/04/2010,53.3
05/04/2010,142.87
05/04/2010,56.8
05/11/2010,52.52
05/11/2010,140.83
05/11/2010,55.82
05/18/2010,57.65
05/18/2010,143.53
05/18/2010,60.86
05/25/2010,61.58
05/25/2010,142.18
05/25/2010,70.56
06/01/2010,62.45
06/01/2010,143.01
06/01/2010,75.54
06/08/2010,65.03
06/08/2010,128.89
06/08/2010,72.02
06/15/2010,64.68
06/15/2010,129.67
06/15/2010,78.24
06/22/2010,58.58
06/22/2010,133.34
06/22/2010,81.98
06/29/2010,64.25
06/29/2010,141.77
06/29/2010,77.85
07/06/2010,59.39
07/06/2010,142.25
07/06/2010,78.25
07/13/2010,57.27
07/13/2010,134.91
07/13/2010,82.94
07/20/2010,57.81
07/20/2010,143.37
07/20/2010,82.35
07/27/2010,54.46
07/27/2010,144.06
07/27/2010,84.32
08/03/2010,55.67
08/03/2010,143.23
08/03/2010,86.17
08/10/2010,56.7
08/10/2010,146.47
08/10/2010,85.5
08/17/2010,57.82
08/17/2010,137.47
08/17/2010,87.28
08/24/2010,59.15
08/24/2010,139.46
08/24/2010,86.57
08/31/2010,59.19
08/31/2010,138.98
08/31/2010,87.33
09/07/2010,60.81
09/07/2010,133.89
09/07/2010,85.95
09/14/2010,60.74
09/14/2010,142.89
09/14/2010,83.49
09/21/2010,59.84
09/21/2010,138.44
09/21/2010,73.89
09/28/2010,57.72
09/28/2010,134.1
09/28/2010,74.09
10/05/2010,56.07
10/05/2010,122.67
10/05/2010,78.81
10/12/2010,56.82
10/12/2010,100.7
10/12/2010,79.91
10/19/2010,59.04
10/19/2010,98.59
10/19/2010,83.83
10/26/2010,59.68
10/26/2010,97.21
10/26/2010,82.23
11/02/2010,57.48
11/02/2010,105.03
11/02/2010,76.45
11/09/2010,58.9
11/09/2010,106.18
11/09/2010,80.59
11/16/2010,61.7
11/16/2010,111.88
11/16/2010,81.79
11/23/2010,67.41
11/23/2010,117.87
11/23/2010,82.4
11/30/2010,67.93
11/30/2010,136.89
11/30/2010,81.45
12/07/2010,66.18
12/07/2010,136.24
12/07/2010,81.93
12/14/2010,61.45
12/14/2010,135.14
12/14/2010,80.66
12/21/2010,61.91
12/21/2010,134.08
12/21/2010,82.64
12/28/2010,58.44
12/28/2010,129.71
12/28/2010,82.16
01/04/2011,58.13
01/04/2011,127.67
01/04/2011,90.19
01/11/2011,59.48
01/11/2011,134.79
01/11/2011,85.08
01/18/2011,60.55
01/18/2011,134.68
01/18/2011,82.19
01/25/2011,56.58
01/25/2011,136.01
01/25/2011,89.56
02/01/2011,60.02
02/01/2011,131.27
02/01/2011,91.18
02/08/2011,58.69
02/08/2011,124.0
02/08/2011,89.1
02/15/2011,62.25
02/15/2011,124.78
02/15/2011,89.27
02/22/2011,63.14
02/22/2011,126.22
02/22/2011,84.37
03/01/2011,59.41
03/01/2011,133.97
03/01/2011,85.13
03/08/2011,57.41
03/08/2011,133.37
03/08/2011,89.94
03/15/2011,58.72
03/15/2011,132.99
03/15/2011,90.23
03/22/2011,59.71
03/22/2011,129.65
03/22/2011,90.13
03/29/2011,58.58
03/29/2011,128.85
03/29/2011,91.08
04/05/2011,58.32
04/05/2011,127.55
04/05/2011,84.82
04/12/2011,44.42
04/12/2011,126.02
04/12/2011,82.52
04/19/2011,41.93
04/19/2011,124.3
04/19/2011,82.02
04/26/2011,40.18
04/26/2011,127.97
04/26/2011,67.25
05/03/2011,40.25
05/03/2011,125.75
05/03/2011,58.81
05/10/2011,49.75
05/10/2011,128.46
05/10/2011,57.75
05/17/2011,55.74
05/17/2011,126.96
05/17/2011,61.95
05/24/2011,55.64
05/24/2011,114.63
05/24/2011,64.28
05/31/2011,55.06
05/31/2011,116.71
05/31/2011,78.1
06/07/2011,53.31
06/07/2011,114.25
06/07/2011,83.97
06/14/2011,56.58
06/14/2011,112.09
06/14/2011,85.17
06/21/2011,54.86
06/21/2011,103.4
06/21/2011,84.36
06/28/2011,57.59
06/28/2011,112.04
06/28/2011,91.09
07/05/2011,57.28
07/05/2011,111.47
07/05/2011,89.52
07/12/2011,56.33
07/12/2011,111.98
07/12/2011,85.56
07/19/2011,59.21
07/19/2011,112.61
07/19/2011,85.34
07/26/2011,61.23
07/26/2011,108.52
07/26/2011,77.63
08/02/2011,61.9
08/02/2011,102.36
08/02/2011,88.73
08/09/2011,60.41
08/09/2011,105.79
08/09/2011,89.23
08/16/2011,62.75
08/16/2011,110.91
08/16/2011,88.35
08/23/2011,61.42
08/23/2011,122.48
08/23/2011,89.05
08/30/2011,65.71
08/30/2011,123.65
08/30/2011,89.31
09/06/2011,60.47
09/06/2011,125.87
09/06/2011,90.14
09/13/2011,59.84
09/13/2011,123.05
09/13/2011,87.4
09/20/2011,58.86
09/20/2011,122.73
09/20/2011,90.25
09/27/2011,59.59
09/27/2011,114.62
09/27/2011,91.35
10/04/2011,57.93
10/04/2011,112.35
10/04/2011,91.83
10/11/2011,56.3
10/11/2011,108.34
10/11/2011,90.91
10/18/2011,56.19
10/18/2011,120.82
10/18/2011,75.65
10/25/2011,54.83
10/25/2011,120.9
10/25/2011,73.82
11/01/2011,55.98
11/01/2011,123.73
11/01/2011,77.18
11/08/2011,52.62
11/08/2011,121.8
11/08/2011,85.19
11/15/2011,53.2
11/15/2011,119.45
11/15/2011,83.78
11/22/2011,49.99
11/22/2011,123.7
11/22/2011,89.86
11/29/2011,48.61
11/29/2011,122.33
11/29/2011,90.25
12/06/2011,63.99
12/06/2011,112.71
12/06/2011,91.4
12/13/2011,63.81
12/13/2011,114.06
12/13/2011,90.31
12/20/2011,60.9
12/20/2011,113.52
12/20/2011,85.25
12/27/2011,61.26
12/27/2011,114.82
12/27/2011,89.1
01/03/2012,60.77
01/03/2012,113.49
01/03/2012,91.37
01/10/2012,57.7
01/10/2012,119.59
01/10/2012,89.72
01/17/2012,58.81
01/17/2012,115.83
01/17/2012,87.35
01/24/2012,48.07
01/24/2012,120.51
01/24/2012,83.86
01/31/2012,56.42
01/31/2012,129.82
01/31/2012,85.5
02/07/2012,57.74
02/07/2012,127.5
02/07/2012,89.5
02/14/2012,59.28
02/14/2012,122.18
02/14/2012,87.42
02/21/2012,58.72
02/21/2012,129.11
02/21/2012,92.5
02/28/2012,59.28
02/28/2012,129.21
02/28/2012,94.21
03/06/2012,58.16
03/06/2012,126.73
03/06/2012,94.38
03/13/2012,56.15
03/13/2012,118.49
03/13/2012,93.11
03/20/2012,49.82
03/20/2012,124.76
03/20/2012,90.5
03/27/2012,51.51
03/27/2012,130.14
03/27/2012,89.52
04/03/2012,53.48
04/03/2012,129.13
04/03/2012,79.15
04/10/2012,60.71
04/10/2012,130.7
04/10/2012,82.75
04/17/2012,59.02
04/17/2012,131.0
04/17/2012,72.94
04/24/2012,60.25
04/24/2012,129.09
04/24/2012,70.02
05/01/2012,54.34
05/01/2012,124.11
05/01/2012,68.36
05/08/2012,39.09
05/08/2012,129.16
05/08/2012,72.35
05/15/2012,45.95
05/15/2012,132.49
05/15/2012,80.47
05/22/2012,57.04
05/22/2012,129.44
05/22/2012,73.44
05/29/2012,58.09
05/29/2012,130.83
05/29/2012,77.28
06/05/2012,59.25
06/05/2012,130.46
06/05/2012,78.37
06/12/2012,57.53
06/12/2012,129.45
06/12/2012,80.55
06/19/2012,58.21
06/19/2012,130.19
06/19/2012,79.33
06/26/2012,58.1
06/26/2012,130.15
06/26/2012,80.99
07/03/2012,55.8
07/03/2012,133.22
07/03/2012,83.39
07/10/2012,55.26
07/10/2012,127.63
07/10/2012,82.24
07/17/2012,57.72
07/17/2012,125.81
07/17/2012,84.01
07/24/2012,60.49
07/24/2012,129.56
07/24/2012,94.39
07/31/2012,59.68
07/31/2012,134.97
07/31/2012,88.03
08/07/2012,61.77
08/07/2012,134.22
08/07/2012,92.42
08/14/2012,61.32
08/14/2012,132.77
08/14/2012,93.37
08/21/2012,61.06
08/21/2012,131.48
08/21/2012,94.85
08/28/2012,63.07
08/28/2012,127.28
08/28/2012,95.88
09/04/2012,63.77
09/04/2012,116.86
09/04/2012,95.65
09/11/2012,62.38
09/11/2012,116.12
09/11/2012,96.94
09/18/2012,64.62
09/18/2012,130.5
09/18/2012,86.85
09/25/2012,61.53
09/25/2012,102.31
09/25/2012,89.27
10/02/2012,53.44
10/02/2012,108.03
10/02/2012,95.8
10/09/2012,51.89
10/09/2012,125.25
10/09/2012,94.96
10/16/2012,50.25
10/16/2012,129.62
10/16/2012,97.09
10/23/2012,55.44
10/23/2012,136.16
10/23/2012,90.64
10/30/2012,53.83
10/30/2012,134.08
10/30/2012,86.14
11/06/2012,58.94
11/06/2012,131.08
11/06/2012,88.46
11/13/2012,66.24
11/13/2012,131.86
11/13/2012,89.68
11/20/2012,64.1
11/20/2012,123.54
11/20/2012,89.5
11/27/2012,65.95
11/27/2012,134.65
11/27/2012,91.51
12/04/2012,64.96
12/04/2012,130.45
12/04/2012,97.5
12/11/2012,62.92
12/11/2012,125.88
12/11/2012,98.53
12/18/2012,64.02
12/18/2012,132.94
12/18/2012,96.49
12/25/2012,63.74
12/25/2012,131.38
12/25/2012,96.43
01/01/2013,63.69
01/01/2013,130.66
01/01/2013,97.64
01/08/2013,63.37
01/08/2013,123.07
01/08/2013,97.32
01/15/2013,54.06
01/15/2013,134.64
01/15/2013,96.64
01/22/2013,60.24
01/22/2013,133.07
01/22/2013,97.38
01/29/2013,59.37
01/29/2013,123.89
01/29/2013,95.43
02/05/2013,52.98
02/05/2013,123.62
02/05/2013,91.95
02/12/2013,53.22
02/12/2013,117.8
02/12/2013,94.33
02/19/2013,54.5
02/19/2013,132.62
02/19/2013,88.02
02/26/2013,51.42
02/26/2013,134.86
02/26/2013,88.74
03/05/2013,55.95
03/05/2013,131.81
03/05/2013,90.45
03/12/2013,54.3
03/12/2013,129.91
03/12/2013,90.18
03/19/2013,57.88
03/19/2013,128.34
03/19/2013,88.71
03/26/2013,53.09
03/26/2013,131.58
03/26/2013,90.0
04/02/2013,56.52
04/02/2013,130.19
04/02/2013,89.15
04/09/2013,63.61
04/09/2013,131.64
04/09/2013,83.48
04/16/2013,60.8
04/16/2013,129.94
04/16/2013,70.79
04/23/2013,59.58
04/23/2013,99.07
04/23/2013,71.07
04/30/2013,59.87
04/30/2013,92.77
04/30/2013,66.07
05/07/2013,60.41
05/07/2013,93.59
05/07/2013,64.83
05/14/2013,52.46
05/14/2013,94.56
05/14/2013,64.67
05/21/2013,56.58
05/21/2013,95.85
05/21/2013,70.18
05/28/2013,66.05
05/28/2013,91.11
05/28/2013,59.57
06/04/2013,64.23
06/04/2013,100.56
06/04/2013,62.81
06/11/2013,60.95
06/11/2013,122.82
06/11/2013,61.14
06/18/2013,64.67
06/18/2013,124.69
06/18/2013,87.84
06/25/2013,63.59
06/25/2013,126.3
06/25/2013,89.02
07/02/2013,64.82
07/02/2013,133.59
07/02/2013,84.45
07/09/2013,64.57
07/09/2013,121.49
07/09/2013,91.73
07/16/2013,65.87
07/16/2013,108.16
07/16/2013,87.47
07/23/2013,65.8
07/23/2013,100.59
07/23/2013,93.33
07/30/2013,64.84
07/30/2013,103.07
07/30/2013,97.73
08/06/2013,65.17
08/06/2013,110.56
08/06/2013,102.34
08/13/2013,63.84
08/13/2013,118.24
08/13/2013,99.22
08/20/2013,63.74
08/20/2013,128.56
08/20/2013,98.43
08/27/2013,65.14
08/27/2013,122.77
08/27/2013,98.14
09/03/2013,65.64
09/03/2013,120.49
09/03/2013,100.06
09/10/2013,62.76
09/10/2013,128.54
09/10/2013,92.56
09/17/2013,64.42
09/17/2013,124.97
09/17/2013,90.43
09/24/2013,58.76
09/24/2013,113.98
09/24/2013,65.72
10/01/2013,59.28
10/01/2013,112.64
10/01/2013,83.2
10/08/2013,59.1
10/08/2013,111.56
10/08/2013,88.53
10/15/2013,58.35
10/15/2013,112.17
10/15/2013,96.24
10/22/2013,56.05
10/22/2013,112.85
10/22/2013,89.42
10/29/2013,54.75
10/29/2013,105.69
10/29/2013,94.47
11/05/2013,46.92
11/05/2013,99.62
11/05/2013,93.29
11/12/2013,56.92
11/12/2013,111.52
11/12/2013,97.71
11/19/2013,61.11
11/19/2013,116.75
11/19/2013,96.93
11/26/2013,65.82
11/26/2013,121.66
11/26/2013,98.26
12/03/2013,66.27
12/03/2013,119.87
12/03/2013,99.25
12/10/2013,66.96
12/10/2013,118.45
12/10/2013,87.05
12/17/2013,66.49
12/17/2013,105.29
12/17/2013,87.99
12/24/2013,63.39
12/24/2013,102.18
12/24/2013,87.35
12/31/2013,62.92
12/31/2013,110.24
12/31/2013,90.84
01/07/2014,58.56
01/07/2014,108.73
01/07/2014,90.2
01/14/2014,56.51
01/14/2014,105.73
01/14/2014,90.8
01/21/2014,60.57
01/21/2014,116.39
01/21/2014,93.22
01/28/2014,57.21
01/28/2014,120.87
01/28/2014,95.29
02/04/2014,61.11
02/04/2014,117.81
02/04/2014,94.91
02/11/2014,63.34
02/11/2014,120.55
02/11/2014,94.42
02/18/2014,63.56
02/18/2014,122.55
02/18/2014,93.41
02/25/2014,63.34
02/25/2014,122.92
02/25/2014,91.07
03/04/2014,61.7
03/04/2014,115.58
03/04/2014,91.0
03/11/2014,62.19
03/11/2014,94.02
03/11/2014,91.29
03/18/2014,59.4
03/18/2014,99.29
03/18/2014,90.26
03/25/2014,62.94
03/25/2014,100.91
03/25/2014,91.02
04/01/2014,61.47
04/01/2014,92.84
04/01/2014,94.82
04/08/2014,57.56
04/08/2014,97.83
04/08/2014,78.38
04/15/2014,52.16
04/15/2014,86.56
04/15/2014,80.98
04/22/2014,58.18
04/22/2014,80.38
04/22/2014,77.62
04/29/2014,60.93
04/29/2014,92.66
04/29/2014,73.5
05/06/2014,63.09
05/06/2014,93.95
05/06/2014,72.57
05/13/2014,62.95
05/13/2014,99.55
05/13/2014,74.68
05/20/2014,69.42
05/20/2014,100.54
05/20/2014,78.91
05/27/2014,67.13
05/27/2014,102.91
05/27/2014,79.71
06/03/2014,67.38
06/03/2014,103.67
06/03/2014,88.25
06/10/2014,66.95
06/10/2014,114.88
06/10/2014,93.69
06/17/2014,66.74
06/17/2014,117.15
06/17/2014,91.72
06/24/2014,65.8
06/24/2014,114.89
06/24/2014,96.76
07/01/2014,65.76
07/01/2014,114.16
07/01/2014,92.35
07/08/2014,67.12
07/08/2014,111.53
07/08/2014,90.75
07/15/2014,66.22
07/15/2014,119.17
07/15/2014,90.26
07/22/2014,66.26
07/22/2014,110.84
07/22/2014,90.04
07/29/2014,65.03
07/29/2014,112.93
07/29/2014,94.18
08/05/2014,65.3
08/05/2014,114.58
08/05/2014,98.79
08/12/2014,66.93
08/12/2014,116.75
08/12/2014,98.53
08/19/2014,66.64
08/19/2014,114.39
08/19/2014,97.64
08/26/2014,65.42
08/26/2014,111.12
08/26/2014,100.67
09/02/2014,64.68
09/02/2014,113.74
09/02/2014,95.46
09/09/2014,53.2
09/09/2014,110.11
09/09/2014,90.56
09/16/2014,51.62
09/16/2014,97.11
09/16/2014,84.82
09/23/2014,51.05
09/23/2014,79.91
09/23/2014,87.61
09/30/2014,49.71
09/30/2014,75.57
09/30/2014,91.35
10/07/2014,47.9
10/07/2014,75.52
10/07/2014,95.14
10/14/2014,41.32
10/14/2014,96.0
10/14/2014,98.75
10/21/2014,45.87
10/21/2014,103.93
10/21/2014,99.95
10/28/2014,54.69
10/28/2014,105.66
10/28/2014,98.51
11/04/2014,52.62
11/04/2014,109.81
11/04/2014,101.42
11/11/2014,55.21
11/11/2014,101.27
11/11/2014,97.47
11/18/2014,54.98
11/18/2014,117.73
11/18/2014,96.48
11/25/2014,54.46
11/25/2014,112.63
11/25/2014,98.72
12/02/2014,55.51
12/02/2014,98.78
12/02/2014,92.12
12/09/2014,55.28
12/09/2014,104.74
12/09/2014,94.79
12/16/2014,59.53
12/16/2014,117.02
12/16/2014,97.87
12/23/2014,60.47
12/23/2014,116.73
12/23/2014,99.26
12/30/2014,61.17
12/30/2014,121.87
12/30/2014,101.69
01/06/2015,59.3
01/06/2015,124.43
01/06/2015,100.06
01/13/2015,61.54
01/13/2015,120.62
01/13/2015,96.27
01/20/2015,58.39
01/20/2015,121.6
01/20/2015,94.94
01/27/2015,57.05
01/27/2015,122.32
01/27/2015,95.31
02/03/2015,60.63
02/03/2015,118.85
02/03/2015,94.77
02/10/2015,53.28
02/10/2015,120.71
02/10/2015,98.41
02/17/2015,55.23
02/17/2015,115.58
02/17/2015,99.27
02/24/2015,54.06
02/24/2015,115.69
02/24/2015,91.22
03/03/2015,56.97
03/03/2015,124.5
03/03/2015,89.58
03/10/2015,53.68
03/10/2015,124.7
03/10/2015,91.23
03/17/2015,55.5
03/17/2015,123.76
03/17/2015,87.15
03/24/2015,57.87
03/24/2015,126.75
03/24/2015,86.5
03/31/2015,58.98
03/31/2015,128.03
03/31/2015,84.32
04/07/2015,60.66
04/07/2015,125.18
04/07/2015,69.64
04/14/2015,59.08
04/14/2015,119.12
04/14/2015,68.11
04/21/2015,59.63
04/21/2015,116.41
04/21/2015,71.95
04/28/2015,60.01
04/28/2015,111.38
04/28/2015,72.04
05/05/2015,58.77
05/05/2015,103.4
05/05/2015,70.24
05/12/2015,56.66
05/12/2015,112.44
05/12/2015,74.58
05/19/2015,54.87
05/19/2015,124.21
05/19/2015,80.5
05/26/2015,48.1
05/26/2015,117.25
05/26/2015,89.98
06/02/2015,45.92
06/02/2015,118.34
06/02/2015,91.58
06/09/2015,47.06
06/09/2015,119.34
06/09/2015,96.46
06/16/2015,47.49
06/16/2015,121.39
06/16/2015,98.56
06/23/2015,50.52
06/23/2015,124.49
06/23/2015,97.53
06/30/2015,49.99
06/30/2015,115.85
06/30/2015,96.03
07/07/2015,48.91
07/07/2015,119.35
07/07/2015,98.72
07/14/2015,51.37
07/14/2015,114.54
07/14/2015,97.19
07/21/2015,60.54
07/21/2015,118.74
07/21/2015,97.57
07/28/2015,60.97
07/28/2015,124.94
07/28/2015,98.47
08/04/2015,61.49
08/04/2015,126.91
08/04/2015,99.85
08/11/2015,59.75
08/11/2015,125.16
08/11/2015,98.86
08/18/2015,59.67
08/18/2015,125.08
08/18/2015,100.87
08/25/2015,61.64
08/25/2015,123.6
08/25/2015,102.2
09/01/2015,60.9
09/01/2015,125.58
09/01/2015,92.8
09/08/2015,58.27
09/08/2015,114.29
09/08/2015,93.19
09/15/2015,57.22
09/15/2015,109.99
09/15/2015,81.68
09/22/2015,51.5
09/22/2015,102.13
09/22/2015,85.34
09/29/2015,49.9
09/29/2015,96.47
09/29/2015,91.07
10/06/2015,49.75
10/06/2015,89.93
10/06/2015,92.53
10/13/2015,47.87
10/13/2015,90.29
10/13/2015,93.77
10/20/2015,53.16
10/20/2015,98.17
10/20/2015,92.28
10/27/2015,55.73
10/27/2015,99.83
10/27/2015,94.91
11/03/2015,59.19
11/03/2015,111.98
11/03/2015,92.51
11/10/2015,59.28
11/10/2015,91.48
11/10/2015,96.2
11/17/2015,60.47
11/17/2015,98.28
11/17/2015,98.73
11/24/2015,60.47
11/24/2015,104.14
11/24/2015,98.19
12/01/2015,59.85
12/01/2015,100.52
12/01/2015,85.8
12/08/2015,58.77
12/08/2015,107.69
12/08/2015,88.21
12/15/2015,58.61
12/15/2015,117.68
12/15/2015,94.9
12/22/2015,57.77
12/22/2015,122.57
12/22/2015,91.64
12/29/2015,57.84
12/29/2015,122.62
12/29/2015,91.65
01/05/2016,56.57
01/05/2016,114.84
01/05/2016,93.65
01/12/2016,55.23
01/12/2016,123.05
01/12/2016,93.06
01/19/2016,53.28
01/19/2016,119.85
01/19/2016,95.32
01/26/2016,52.98
01/26/2016,119.83
01/26/2016,96.51
02/02/2016,55.02
02/02/2016,119.03
02/02/2016,94.71
02/09/2016,57.03
02/09/2016,113.63
02/09/2016,92.59
02/16/2016,56.47
02/16/2016,106.31
02/16/2016,92.33
02/23/2016,57.4
02/23/2016,112.23
02/23/2016,92.9
03/01/2016,55.6
03/01/2016,120.37
03/01/2016,93.42
03/08/2016,53.81
03/08/2016,120.39
03/08/2016,93.83
03/15/2016,54.94
03/15/2016,115.91
03/15/2016,95.1
03/22/2016,56.05
03/22/2016,117.82
03/22/2016,97.07
03/29/2016,56.73
03/29/2016,117.7
03/29/2016,88.51
04/05/2016,56.64
04/05/2016,118.75
04/05/2016,85.44
04/12/2016,57.95
04/12/2016,113.25
04/12/2016,85.94
04/19/2016,59.07
04/19/2016,116.28
04/19/2016,82.56
04/26/2016,45.88
04/26/2016,118.05
04/26/2016,76.66
05/03/2016,38.91
05/03/2016,117.87
05/03/2016,63.65
05/10/2016,33.29
05/10/2016,118.84
05/10/2016,54.61
05/17/2016,32.93
05/17/2016,117.17
05/17/2016,55.92
05/24/2016,34.38
05/24/2016,119.87
05/24/2016,52.54
05/31/2016,39.27
05/31/2016,118.67
05/31/2016,48.86
06/07/2016,39.79
06/07/2016,118.25
06/07/2016,45.61
06/14/2016,42.05
06/14/2016,121.85
06/14/2016,68.74
06/21/2016,43.0
06/21/2016,120.83
06/21/2016,85.15
06/28/2016,51.25
06/28/2016,122.19
06/28/2016,94.2
07/05/2016,59.98
07/05/2016,122.51
07/05/2016,99.86
07/12/2016,59.67
07/12/2016,121.95
07/12/2016,100.16
07/19/2016,59.23
07/19/2016,121.31
07/19/2016,97.51
07/26/2016,59.56
07/26/2016,122.76
07/26/2016,102.48
08/02/2016,59.37
08/02/2016,122.41
08/02/2016,100.29
08/09/2016,59.91
08/09/2016,121.24
08/09/2016,95.3
08/16/2016,53.88
08/16/2016,121.61
08/16/2016,101.82
08/23/2016,55.2
08/23/2016,119.29
08/23/2016,104.18
08/30/2016,58.63
08/30/2016,119.79
08/30/2016,103.31
09/06/2016,59.57
09/06/2016,117.93
09/06/2016,97.63
09/13/2016,52.29
09/13/2016,104.89
09/13/2016,92.5
09/20/2016,45.86
09/20/2016,99.32
09/20/2016,93.12
09/27/2016,49.82
09/27/2016,95.91
09/27/2016,91.58
10/04/2016,46.56
10/04/2016,79.89
10/04/2016,90.72
10/11/2016,46.8
10/11/2016,74.7
10/11/2016,94.55
10/18/2016,47.62
10/18/2016,69.58
10/18/2016,100.35
10/25/2016,48.71
10/25/2016,72.83
10/25/2016,100.75
11/01/2016,49.36
11/01/2016,100.47
11/01/2016,102.91
11/08/2016,59.69
11/08/2016,103.08
11/08/2016,100.55
11/15/2016,55.26
11/15/2016,104.3
11/15/2016,100.53
11/22/2016,59.45
11/22/2016,98.2
11/22/2016,96.91
11/29/2016,55.96
11/29/2016,96.46
11/29/2016,76.44
12/06/2016,56.02
12/06/2016,95.01
12/06/2016,79.6
12/13/2016,55.14
12/13/2016,104.83
12/13/2016,78.05
12/20/2016,55.17
12/20/2016,121.21
12/20/2016,77.07
12/27/2016,54.75
12/27/2016,123.73
12/27/2016,74.88
01/03/2017,54.31
01/03/2017,123.97
01/03/2017,75.17
01/10/2017,45.3
01/10/2017,124.03
01/10/2017,77.23
01/17/2017,46.63
01/17/2017,125.63
01/17/2017,94.6
01/24/2017,50.66
01/24/2017,122.32
01/24/2017,97.8
01/31/2017,51.57
01/31/2017,124.19
01/31/2017,83.05
02/07/2017,54.32
02/07/2017,122.58
02/07/2017,78.06
02/14/2017,52.92
02/14/2017,118.77
02/14/2017,81.27
02/21/2017,54.8
02/21/2017,116.7
02/21/2017,77.19
02/28/2017,55.05
02/28/2017,108.67
02/28/2017,82.47
03/07/2017,47.31
03/07/2017,119.11
03/07/2017,82.67
03/14/2017,54.46
03/14/2017,123.87
03/14/2017,78.4
03/21/2017,56.12
03/21/2017,121.76
03/21/2017,76.59
03/28/2017,54.93
03/28/2017,124.61
03/28/2017,72.48
04/04/2017,52.51
04/04/2017,120.72
04/04/2017,69.71
04/11/2017,56.56
04/11/2017,128.01
04/11/2017,67.3
04/18/2017,55.71
04/18/2017,128.46
04/18/2017,60.12
04/25/2017,56.28
04/25/2017,123.0
04/25/2017,57.68
05/02/2017,57.34
05/02/2017,123.83
05/02/2017,51.44
05/09/2017,55.13
05/09/2017,124.71
05/09/2017,48.74
05/16/2017,50.26
05/16/2017,125.7
05/16/2017,63.09
05/23/2017,49.13
05/23/2017,124.51
05/23/2017,70.73
05/30/2017,49.7
05/30/2017,125.77
05/30/2017,67.1
06/06/2017,49.4
06/06/2017,125.03
06/06/2017,71.28
06/13/2017,49.85
06/13/2017,123.05
06/13/2017,75.91
06/20/2017,48.85
06/20/2017,127.94
06/20/2017,78.8
06/27/2017,49.15
06/27/2017,126.61
06/27/2017,93.64
07/04/2017,49.79
07/04/2017,126.07
07/04/2017,95.26
07/11/2017,49.85
07/11/2017,124.02
07/11/2017,99.47
07/18/2017,50.04
07/18/2017,124.22
07/18/2017,91.71
07/25/2017,56.57
07/25/2017,124.21
07/25/2017,94.46
08/01/2017,58.04
08/01/2017,125.14
08/01/2017,99.79
08/08/2017,56.56
08/08/2017,121.51
08/08/2017,98.63
08/15/2017,55.9
08/15/2017,123.2
08/15/2017,101.77
08/22/2017,56.91
08/22/2017,118.67
08/22/2017,103.55
08/29/2017,56.25
08/29/2017,118.77
08/29/2017,102.96
09/05/2017,56.61
09/05/2017,126.34
09/05/2017,102.1
09/12/2017,55.29
09/12/2017,127.05
09/12/2017,100.49
09/19/2017,53.44
09/19/2017,126.42
09/19/2017,101.25
09/26/2017,38.91
09/26/2017,120.84
09/26/2017,99.48
10/03/2017,40.25
10/03/2017,119.1
10/03/2017,102.31
10/10/2017,39.28
10/10/2017,119.49
10/10/2017,100.9
10/17/2017,39.53
10/17/2017,118.07
10/17/2017,98.9
10/24/2017,38.17
10/24/2017,114.65
10/24/2017,96.27
10/31/2017,51.48
10/31/2017,114.7
10/31/2017,98.99
11/07/2017,56.15
11/07/2017,112.64
11/07/2017,99.39
11/14/2017,55.45
11/14/2017,112.65
11/14/2017,100.23
11/21/2017,56.21
11/21/2017,115.38
11/21/2017,100.35
11/28/2017,57.11
11/28/2017,116.18
11/28/2017,98.7
12/05/2017,55.69
12/05/2017,117.43
12/05/2017,93.1
12/12/2017,55.48
12/12/2017,124.03
12/12/2017,94.7
12/19/2017,57.75
12/19/2017,124.56
12/19/2017,94.49
12/26/2017,61.26
12/26/2017,124.8
12/26/2017,99.06
01/02/2018,59.41
01/02/2018,115.86
01/02/2018,96.48
01/09/2018,57.48
01/09/2018,120.04
01/09/2018,99.49
01/16/2018,57.31
01/16/2018,122.7
01/16/2018,105.59
01/23/2018,57.51
01/23/2018,119.24
01/23/2018,103.89
01/30/2018,57.93
01/30/2018,119.25
01/30/2018,102.95
02/06/2018,58.29
02/06/2018,121.61
02/06/2018,98.37
02/13/2018,59.1
02/13/2018,122.65
02/13/2018,94.02
02/20/2018,59.79
02/20/2018,124.09
02/20/2018,94.8
02/27/2018,57.38
02/27/2018,123.61
02/27/2018,92.75
03/06/2018,59.77
03/06/2018,123.86
03/06/2018,89.63
03/13/2018,60.05
03/13/2018,122.97
03/13/2018,90.04
03/20/2018,58.9
03/20/2018,121.26
03/20/2018,89.68
03/27/2018,57.37
03/27/2018,124.8
03/27/2018,86.39
04/03/2018,58.61
04/03/2018,123.2
04/03/2018,80.98
04/10/2018,62.46
04/10/2018,122.06
04/10/2018,55.46
04/17/2018,55.86
04/17/2018,88.6
04/17/2018,47.6
04/24/2018,47.61
04/24/2018,83.27
04/24/2018,49.77
05/01/2018,50.27
05/01/2018,84.43
05/01/2018,53.56
05/08/2018,51.44
05/08/2018,88.1
05/08/2018,60.98
05/15/2018,48.55
05/15/2018,84.31
05/15/2018,70.83
05/22/2018,50.26
05/22/2018,75.4
05/22/2018,68.81
05/29/2018,51.15
05/29/2018,93.15
05/29/2018,71.51
06/05/2018,55.56
06/05/2018,106.86
06/05/2018,78.95
06/12/2018,60.31
06/12/2018,114.85
06/12/2018,78.02
06/19/2018,62.51
06/19/2018,114.5
06/19/2018,76.15
06/26/2018,61.08
06/26/2018,116.13
06/26/2018,79.14
07/03/2018,59.04
07/03/2018,118.29
07/03/2018,86.84
07/10/2018,60.95
07/10/2018,118.63
07/10/2018,95.54
07/17/2018,61.17
07/17/2018,121.38
07/17/2018,97.51
07/24/2018,61.25
07/24/2018,119.35
07/24/2018,95.71
07/31/2018,61.31
07/31/2018,114.09
07/31/2018,93.1
08/07/2018,61.45
08/07/2018,121.31
08/07/2018,98.68
08/14/2018,61.19
08/14/2018,119.92
08/14/2018,94.79
08/21/2018,61.37
08/21/2018,120.56
08/21/2018,88.12
08/28/2018,60.84
08/28/2018,116.7
08/28/2018,97.63
09/04/2018,61.81
09/04/2018,120.85
09/04/2018,101.98
09/11/2018,59.93
09/11/2018,115.55
09/11/2018,99.67
09/18/2018,61.54
09/18/2018,113.13
09/18/2018,99.39
09/25/2018,58.85
09/25/2018,111.67
09/25/2018,98.19
10/02/2018,53.7
10/02/2018,96.97
10/02/2018,99.35
10/09/2018,53.84
10/09/2018,93.76
10/09/2018,100.14
10/16/2018,58.45
10/16/2018,79.37
10/16/2018,100.18
10/23/2018,61.87
10/23/2018,81.18
10/23/2018,101.85
10/30/2018,59.82
10/30/2018,95.38
10/30/2018,102.3
11/06/2018,60.97
11/06/2018,98.99
11/06/2018,101.63
11/13/2018,61.99
11/13/2018,100.17
11/13/2018,100.51
11/20/2018,60.9
11/20/2018,95.74
11/20/2018,100.63
11/27/2018,62.3
11/27/2018,97.1
11/27/2018,96.35
12/04/2018,59.77
12/04/2018,96.33
12/04/2018,97.58
12/11/2018,61.6
12/11/2018,99.0
12/11/2018,90.19
12/18/2018,60.54
12/18/2018,106.49
12/18/2018,96.46
12/25/2018,61.61
12/25/2018,105.96
12/25/2018,97.83
01/01/2019,60.73
01/01/2019,109.13
01/01/2019,98.33
01/08/2019,62.51
01/08/2019,111.38
01/08/2019,95.03
01/15/2019,62.78
01/15/2019,112.94
01/15/2019,97.48
01/22/2019,61.51
01/22/2019,113.73
01/22/2019,91.79
01/29/2019,52.49
01/29/2019,112.41
01/29/2019,91.28
02/05/2019,43.07
02/05/2019,113.74
02/05/2019,95.98
02/12/2019,58.74
02/12/2019,110.79
02/12/2019,94.39
02/19/2019,61.32
02/19/2019,114.83
02/19/2019,97.11
02/26/2019,60.06
02/26/2019,118.64
02/26/2019,97.45
03/05/2019,60.07
03/05/2019,110.06
03/05/2019,97.84
03/12/2019,59.38
03/12/2019,108.35
03/12/2019,98.88
03/19/2019,57.75
03/19/2019,117.77
03/19/2019,97.88
03/26/2019,49.66
03/26/2019,110.04
03/26/2019,98.22
04/02/2019,47.6
04/02/2019,117.73
04/02/2019,94.47
04/09/2019,43.67
04/09/2019,117.71
04/09/2019,86.82
04/16/2019,42.72
04/16/2019,109.76
04/16/2019,80.45
04/23/2019,38.18
04/23/2019,107.01
04/23/2019,81.41
04/30/2019,39.66
04/30/2019,106.76
04/30/2019,81.85
05/07/2019,40.0
05/07/2019,105.64
05/07/2019,81.63
05/14/2019,47.28
05/14/2019,107.95
05/14/2019,84.42
05/21/2019,47.21
05/21/2019,110.66
05/21/2019,89.29
05/28/2019,48.79
05/28/2019,112.12
05/28/2019,92.46
06/04/2019,53.06
06/04/2019,120.15
06/04/2019,99.85
06/11/2019,54.72
06/11/2019,121.59
06/11/2019,100.46
06/18/2019,57.89
06/18/2019,121.78
06/18/2019,96.81
06/25/2019,59.02
06/25/2019,121.99
06/25/2019,94.47
07/02/2019,57.94
07/02/2019,117.97
07/02/2019,97.97
07/09/2019,58.22
07/09/2019,113.86
07/09/2019,96.79
07/16/2019,59.76
07/16/2019,113.87
07/16/2019,100.21
07/23/2019,59.19
07/23/2019,109.96
07/23/2019,100.49
07/30/2019,59.44
07/30/2019,118.46
07/30/2019,101.38
08/06/2019,52.55
08/06/2019,118.36
08/06/2019,102.49
08/13/2019,59.86
08/13/2019,121.66
08/13/2019,101.69
08/20/2019,60.25
08/20/2019,125.28
08/20/2019,100.38
08/27/2019,60.15
08/27/2019,119.83
08/27/2019,101.74
09/03/2019,59.41
09/03/2019,124.47
09/03/2019,99.45
09/10/2019,48.13
09/10/2019,118.78
09/10/2019,98.33
09/17/2019,41.72
09/17/2019,119.74
09/17/2019,99.27
09/24/2019,37.6
09/24/2019,116.99
09/24/2019,98.98
10/01/2019,38.31
10/01/2019,121.69
10/01/2019,95.52
10/08/2019,40.02
10/08/2019,124.68
10/08/2019,96.83
10/15/2019,42.36
10/15/2019,122.87
10/15/2019,94.25
10/22/2019,42.5
10/22/2019,123.84
10/22/2019,94.6
10/29/2019,41.5
10/29/2019,125.31
10/29/2019,93.21
11/05/2019,42.11
11/05/2019,127.26
11/05/2019,93.4
11/12/2019,42.45
11/12/2019,123.8
11/12/2019,96.86
11/19/2019,45.66
11/19/2019,124.57
11/19/2019,94.03
11/26/2019,57.24
11/26/2019,123.82
11/26/2019,102.11
12/03/2019,58.64
12/03/2019,125.35
12/03/2019,100.85
12/10/2019,59.4
12/10/2019,123.17
12/10/2019,98.89
12/17/2019,59.08
12/17/2019,123.05
12/17/2019,97.12
12/24/2019,59.81
12/24/2019,125.18
12/24/2019,96.78
12/31/2019,59.11
12/31/2019,121.71
12/31/2019,99.08
01/07/2020,60.06
01/07/2020,115.94
01/07/2020,99.4
01/14/2020,58.14
01/14/2020,123.36
01/14/2020,101.23
01/21/2020,57.77
01/21/2020,123.5
01/21/2020,92.76
01/28/2020,56.96
01/28/2020,124.7
01/28/2020,88.07
02/04/2020,55.06
02/04/2020,123.04
02/04/2020,89.51
02/11/2020,55.13
02/11/2020,121.57
02/11/2020,88.97
02/18/2020,51.95
02/18/2020,122.11
02/18/2020,90.8
02/25/2020,54.11
02/25/2020,121.96
02/25/2020,89.0
03/03/2020,55.68
03/03/2020,123.9
03/03/2020,91.51
03/10/2020,55.56
03/10/2020,124.24
03/10/2020,93.09
03/17/2020,57.48
03/17/2020,123.32
03/17/2020,93.25
03/24/2020,50.63
03/24/2020,105.52
03/24/2020,90.08
03/31/2020,40.55
03/31/2020,97.1
03/31/2020,78.18
04/07/2020,31.8
04/07/2020,79.64
04/07/2020,69.2
04/14/2020,31.02
04/14/2020,77.94
04/14/2020,65.51
04/21/2020,36.38
04/21/2020,71.76
04/21/2020,70.04
04/28/2020,42.85
04/28/2020,70.64
04/28/2020,75.79
05/05/2020,40.85
05/05/2020,72.84
05/05/2020,82.15
05/12/2020,45.34
05/12/2020,84.2
05/12/2020,77.89
05/19/2020,45.82
05/19/2020,84.33
05/19/2020,75.56
05/26/2020,45.13
05/26/2020,84.0
05/26/2020,74.94
06/02/2020,48.41
06/02/2020,80.42
06/02/2020,77.8
06/09/2020,51.94
06/09/2020,79.63
06/09/2020,71.22
06/16/2020,49.5
06/16/2020,83.03
06/16/2020,61.86
06/23/2020,43.74
06/23/2020,86.54
06/23/2020,72.16
06/30/2020,48.81
06/30/2020,87.15
06/30/2020,82.79
07/07/2020,49.27
07/07/2020,94.34
07/07/2020,85.0
07/14/2020,53.15
07/14/2020,94.18
07/14/2020,81.02
07/21/2020,53.06
07/21/2020,95.63
07/21/2020,77.73
07/28/2020,54.05
07/28/2020,95.0
07/28/2020,78.31
08/04/2020,52.14
08/04/2020,95.1
08/04/2020,79.91
08/11/2020,49.93
08/11/2020,78.32
08/11/2020,81.71
08/18/2020,51.71
08/18/2020,76.24
08/18/2020,80.57
08/25/2020,51.7
08/25/2020,76.28
08/25/2020,81.49
09/01/2020,51.13
09/01/2020,92.47
09/01/2020,88.91
09/08/2020,54.31
09/08/2020,96.71
09/08/2020,89.4
09/15/2020,49.17
09/15/2020,96.65
09/15/2020,92.92
09/22/2020,44.6
09/22/2020,96.71
09/22/2020,101.34
09/29/2020,42.56
09/29/2020,94.57
09/29/2020,98.49
10/06/2020,48.64
10/06/2020,97.17
10/06/2020,97.7
10/13/2020,49.21
10/13/2020,99.0
10/13/2020,96.21
10/20/2020,51.42
10/20/2020,99.8
10/20/2020,94.93
10/27/2020,48.25
10/27/2020,98.32
10/27/2020,99.15
11/03/2020,51.99
11/03/2020,99.4
11/03/2020,99.78
11/10/2020,51.95
11/10/2020,98.7
11/10/2020,97.63
11/17/2020,51.09
11/17/2020,98.72
11/17/2020,96.83
11/24/2020,52.74
11/24/2020,99.87
11/24/2020,94.24
12/01/2020,52.14
12/01/2020,98.72
12/01/2020,91.91
12/08/2020,54.54
12/08/2020,95.75
12/08/2020,88.41
12/15/2020,52.77
12/15/2020,96.37
12/15/2020,91.27
12/22/2020,52.39
12/22/2020,99.49
12/22/2020,92.09
12/29/2020,51.45
12/29/2020,98.02
12/29/2020,91.82
01/05/2021,52.59
01/05/2021,97.61
01/05/2021,90.45
01/12/2021,51.27
01/12/2021,95.9
01/12/2021,86.66
01/19/2021,50.51
01/19/2021,92.19
01/19/2021,90.08
01/26/2021,48.91
01/26/2021,93.36
01/26/2021,90.7
02/02/2021,45.17
02/02/2021,94.29
02/02/2021,91.32
02/09/2021,47.0
02/09/2021,96.72
02/09/2021,89.1
02/16/2021,47.39
02/16/2021,99.83
02/16/2021,90.63
02/23/2021,49.78
02/23/2021,101.79
02/23/2021,90.48
03/02/2021,51.19
03/02/2021,101.59
03/02/2021,92.89
03/09/2021,51.1
03/09/2021,101.1
03/09/2021,94.69
03/16/2021,46.14
03/16/2021,99.36
03/16/2021,95.08
03/23/2021,49.32
03/23/2021,97.16
03/23/2021,96.57
03/30/2021,53.7
03/30/2021,94.05
03/30/2021,95.71
04/06/2021,52.48
04/06/2021,91.19
04/06/2021,93.28
04/13/2021,55.86
04/13/2021,92.38
04/13/2021,84.75
04/20/2021,58.83
04/20/2021,76.2
04/20/2021,58.51
04/27/2021,55.26
04/27/2021,75.73
04/27/2021,46.12
05/04/2021,57.67
05/04/2021,75.99
05/04/2021,49.19
05/11/2021,59.39
05/11/2021,76.76
05/11/2021,51.29
05/18/2021,60.73
05/18/2021,84.43
05/18/2021,50.56
05/25/2021,60.36
05/25/2021,84.14
05/25/2021,65.5
06/01/2021,62.16
06/01/2021,95.02
06/01/2021,71.63
06/08/2021,62.16
06/08/2021,96.01
06/08/2021,88.62
06/15/2021,59.4
06/15/2021,102.51
06/15/2021,94.26
06/22/2021,62.46
06/22/2021,104.53
06/22/2021,98.26
06/29/2021,60.5
06/29/2021,95.74
06/29/2021,99.28
07/06/2021,60.0
07/06/2021,100.57
07/06/2021,96.44
07/13/2021,61.71
07/13/2021,98.53
07/13/2021,97.72
07/20/2021,60.95
07/20/2021,98.3
07/20/2021,97.75
07/27/2021,60.62
07/27/2021,102.24
07/27/2021,98.68
08/03/2021,59.8
08/03/2021,101.41
08/03/2021,101.9
08/10/2021,60.0
08/10/2021,101.32
08/10/2021,99.25
08/17/2021,60.54
08/17/2021,98.88
08/17/2021,101.26
08/24/2021,60.1
08/24/2021,98.28
08/24/2021,99.61
08/31/2021,60.4
08/31/2021,100.08
08/31/2021,94.24
09/07/2021,61.14
09/07/2021,101.68
09/07/2021,86.59
09/14/2021,60.09
09/14/2021,101.89
09/14/2021,89.14
09/21/2021,58.81
09/21/2021,84.38
09/21/2021,90.46
09/28/2021,58.59
09/28/2021,70.1
09/28/2021,91.8
10/05/2021,58.06
10/05/2021,75.64
10/05/2021,87.38
10/12/2021,60.13
10/12/2021,78.61
10/12/2021,82.13
10/19/2021,60.91
10/19/2021,78.87
10/19/2021,85.85
10/26/2021,61.64
10/26/2021,77.11
10/26/2021,97.79
11/02/2021,60.42
11/02/2021,85.83
11/02/2021,92.69
11/09/2021,61.63
11/09/2021,102.22
11/09/2021,98.65
11/16/2021,61.34
11/16/2021,104.33
11/16/2021,97.74
11/23/2021,61.91
11/23/2021,103.39
11/23/2021,96.75
11/30/2021,62.16
11/30/2021,104.63
11/30/2021,95.44
12/07/2021,60.05
12/07/2021,105.27
12/07/2021,95.2
12/14/2021,51.47
12/14/2021,105.07
12/14/2021,95.04
12/21/2021,60.99
12/21/2021,104.76
12/21/2021,93.25
12/28/2021,61.07
12/28/2021,102.33
12/28/2021,94.41
01/04/2022,60.29
01/04/2022,103.62
01/04/2022,97.78
01/11/2022,59.64
01/11/2022,105.23
01/11/2022,96.21
01/18/2022,59.77
01/18/2022,102.22
01/18/2022,98.56
01/25/2022,59.33
01/25/2022,96.31
01/25/2022,94.73
02/01/2022,56.89
02/01/2022,104.49
02/01/2022,89.53
02/08/2022,53.04
02/08/2022,104.35
02/08/2022,93.53
02/15/2022,58.15
02/15/2022,104.39
02/15/2022,95.88
02/22/2022,58.65
02/22/2022,103.51
02/22/2022,94.44
03/01/2022,60.46
03/01/2022,105.39
03/01/2022,93.67
03/08/2022,60.66
03/08/2022,102.69
03/08/2022,93.16
03/15/2022,60.55
03/15/2022,103.46
03/15/2022,93.79
03/22/2022,49.58
03/22/2022,103.15
03/22/2022,96.98
03/29/2022,36.54
03/29/2022,101.73
03/29/2022,97.97
04/05/2022,36.65
04/05/2022,102.87
04/05/2022,94.52
04/12/2022,41.82
04/12/2022,102.04
04/12/2022,90.77
04/19/2022,45.96
04/19/2022,94.08
04/19/2022,80.95
04/26/2022,48.54
04/26/2022,87.65
04/26/2022,79.49
05/03/2022,52.71
05/03/2022,91.17
05/03/2022,79.18
05/10/2022,56.73
05/10/2022,97.14
05/10/2022,74.54
05/17/2022,57.25
05/17/2022,101.6
05/17/2022,80.58
05/24/2022,56.63
05/24/2022,101.62
05/24/2022,79.26
05/31/2022,58.36
05/31/2022,100.42
05/31/2022,75.66
06/07/2022,57.34
06/07/2022,100.68
06/07/2022,83.29
06/14/2022,55.22
06/14/2022,92.87
06/14/2022,90.95
06/21/2022,59.92
06/21/2022,96.83
06/21/2022,88.51
06/28/2022,63.86
06/28/2022,103.07
06/28/2022,95.95
07/05/2022,64.15
07/05/2022,103.44
07/05/2022,98.18
07/12/2022,63.45
07/12/2022,102.63
07/12/2022,101.23
07/19/2022,63.51
07/19/2022,100.96
07/19/2022,100.16
07/26/2022,55.63
07/26/2022,98.45
07/26/2022,104.16
08/02/2022,64.2
08/02/2022,101.62
08/02/2022,105.87
08/09/2022,64.77
08/09/2022,102.11
08/09/2022,105.43
08/16/2022,64.54
08/16/2022,103.7
08/16/2022,106.09
08/23/2022,65.48
08/23/2022,100.9
08/23/2022,100.86
08/30/2022,65.47
08/30/2022,101.79
08/30/2022,100.78
09/06/2022,65.49
09/06/2022,99.97
09/06/2022,103.15
09/13/2022,65.2
09/13/2022,91.65
09/13/2022,101.39
09/20/2022,64.81
09/20/2022,92.26
09/20/2022,101.6
09/27/2022,65.15
09/27/2022,91.42
09/27/2022,104.56
10/04/2022,64.34
10/04/2022,92.46
10/04/2022,103.34
10/11/2022,65.35
10/11/2022,91.69
10/11/2022,99.05
10/18/2022,64.16
10/18/2022,81.25
10/18/2022,91.3
10/25/2022,62.73
10/25/2022,76.5
10/25/2022,96.45
11/01/2022,62.12
11/01/2022,76.71
11/01/2022,95.7
11/08/2022,65.04
11/08/2022,88.72
11/08/2022,94.86
11/15/2022,63.21
11/15/2022,100.44
11/15/2022,102.8
11/22/2022,63.59
11/22/2022,106.47
11/22/2022,102.16
11/29/2022,63.4
11/29/2022,104.12
11/29/2022,102.03
12/06/2022,62.29
12/06/2022,105.18
12/06/2022,102.96
12/13/2022,62.32
12/13/2022,104.46
12/13/2022,103.07
12/20/2022,63.25
12/20/2022,105.45
12/20/2022,102.58
12/27/2022,60.32
12/27/2022,104.58
12/27/2022,101.31
01/03/2023,61.78
01/03/2023,103.6
01/03/2023,99.9
01/10/2023,61.47
01/10/2023,105.23
01/10/2023,101.96
01/17/2023,61.64
01/17/2023,105.14
01/17/2023,99.78
01/24/2023,62.64
01/24/2023,105.48
01/24/2023,101.33
01/31/2023,60.92
01/31/2023,103.68
01/31/2023,92.05
02/07/2023,61.41
02/07/2023,100.55
02/07/2023,89.45
02/14/2023,60.83
02/14/2023,103.51
02/14/2023,91.12
02/21/2023,58.99
02/21/2023,100.92
02/21/2023,91.45
02/28/2023,61.07
02/28/2023,101.87
02/28/2023,91.35
03/07/2023,60.8
03/07/2023,101.81
03/07/2023,90.05
03/14/2023,61.02
03/14/2023,101.39
03/14/2023,90.13
03/21/2023,60.92
03/21/2023,101.35
03/21/2023,87.79
03/28/2023,59.19
03/28/2023,103.57
03/28/2023,88.31
04/04/2023,61.13
04/04/2023,103.56
04/04/2023,80.71
04/11/2023,61.0
04/11/2023,103.08
04/11/2023,75.21
04/18/2023,60.72
04/18/2023,95.75
04/18/2023,79.17
04/25/2023,63.76
04/25/2023,92.41
04/25/2023,78.63
05/02/2023,62.42
05/02/2023,102.55
05/02/2023,71.82
05/09/2023,62.95
05/09/2023,103.27
05/09/2023,74.1
05/16/2023,64.52
05/16/2023,100.3
05/16/2023,76.65
05/23/2023,63.75
05/23/2023,102.73
05/23/2023,76.98
05/30/2023,64.11
05/30/2023,102.83
05/30/2023,91.48
06/06/2023,64.61
06/06/2023,101.28
06/06/2023,95.7
06/13/2023,64.41
06/13/2023,100.7
06/13/2023,99.14
06/20/2023,58.92
06/20/2023,96.1
06/20/2023,94.59
06/27/2023,55.41
06/27/2023,93.32
06/27/2023,98.91
07/04/2023,59.89
07/04/2023,96.79
07/04/2023,104.17
07/11/2023,62.38
07/11/2023,97.84
07/11/2023,101.02
07/18/2023,61.65
07/18/2023,101.16
07/18/2023,102.81
07/25/2023,62.16
07/25/2023,102.09
07/25/2023,102.56
08/01/2023,63.79
08/01/2023,102.19
08/01/2023,100.48
08/08/2023,64.68
08/08/2023,103.39
08/08/2023,104.8
08/15/2023,64.42
08/15/2023,102.33
08/15/2023,101.05
08/22/2023,63.03
08/22/2023,94.99
08/22/2023,100.6
08/29/2023,63.82
08/29/2023,100.25
08/29/2023,102.45
09/05/2023,63.8
09/05/2023,101.75
09/05/2023,101.87
09/12/2023,63.33
09/12/2023,101.0
09/12/2023,98.73
09/19/2023,58.24
09/19/2023,88.38
09/19/2023,101.87
09/26/2023,56.07
09/26/2023,72.53
09/26/2023,99.94
10/03/2023,56.74
10/03/2023,72.85
10/03/2023,97.94
10/10/2023,56.58
10/10/2023,72.59
10/10/2023,93.55
10/17/2023,56.38
10/17/2023,72.0
10/17/2023,96.92
10/24/2023,55.58
10/24/2023,73.55
10/24/2023,96.06
10/31/2023,55.3
10/31/2023,73.89
10/31/2023,96.21
11/07/2023,57.53
11/07/2023,75.68
11/07/2023,98.53
11/14/2023,61.55
11/14/2023,79.87
11/14/2023,95.97
11/21/2023,61.94
11/21/2023,90.84
11/21/2023,93.42
11/28/2023,62.37
11/28/2023,103.02
11/28/2023,97.05
12/05/2023,60.71
12/05/2023,102.34
12/05/2023,97.06
12/12/2023,62.14
12/12/2023,100.51
12/12/2023,101.05
12/19/2023,63.47
12/19/2023,101.5
12/19/2023,103.28
12/26/2023,63.2
12/26/2023,103.26
12/26/2023,101.25
01/02/2024,62.8
01/02/2024,103.15
01/02/2024,101.43
01/09/2024,62.69
01/09/2024,103.13
01/09/2024,99.03
01/16/2024,62.6
01/16/2024,102.22
01/16/2024,96.56
01/23/2024,57.23
01/23/2024,99.0
01/23/2024,93.88
01/30/2024,62.5
01/30/2024,102.13
01/30/2024,92.82
02/06/2024,62.76
02/06/2024,99.95
02/06/2024,95.8
02/13/2024,63.9
02/13/2024,98.9
02/13/2024,94.39
02/20/2024,63.85
02/20/2024,101.45
02/20/2024,93.74
02/27/2024,62.77
02/27/2024,100.63
02/27/2024,91.37
03/05/2024,61.6
03/05/2024,101.72
03/05/2024,97.27
03/12/2024,62.06
03/12/2024,98.97
03/12/2024,94.76
03/19/2024,60.67
03/19/2024,97.36
03/19/2024,92.12
03/26/2024,61.24
03/26/2024,99.99
03/26/2024,94.31
04/02/2024,58.85
04/02/2024,91.03
04/02/2024,98.25
04/09/2024,48.51
04/09/2024,90.15
04/09/2024,92.86
04/16/2024,41.83
04/16/2024,79.81
04/16/2024,74.46
04/23/2024,43.57
04/23/2024,61.94
04/23/2024,68.95
04/30/2024,47.24
04/30/2024,70.27
04/30/2024,67.28
05/07/2024,54.28
05/07/2024,71.96
05/07/2024,72.45
05/14/2024,58.53
05/14/2024,92.06
05/14/2024,79.0
05/21/2024,62.19
05/21/2024,103.38
05/21/2024,91.01
05/28/2024,62.92
05/28/2024,106.23
05/28/2024,91.69
06/04/2024,63.96
06/04/2024,109.3
06/04/2024,95.7
06/11/2024,63.84
06/11/2024,107.86
06/11/2024,104.41
06/18/2024,64.14
06/18/2024,101.58
06/18/2024,106.64
06/25/2024,63.61
06/25/2024,104.5
06/25/2024,106.52
07/02/2024,63.28
07/02/2024,106.56
07/02/2024,105.43
07/09/2024,63.58
07/09/2024,105.48
07/09/2024,103.92
07/16/2024,63.04
07/16/2024,106.65
07/16/2024,103.95
07/23/2024,63.36
07/23/2024,107.64
07/23/2024,101.65
07/30/2024,64.84
07/30/2024,109.58
07/30/2024,102.79
08/06/2024,64.77
08/06/2024,107.74
08/06/2024,103.22
08/13/2024,64.21
08/13/2024,107.66
08/13/2024,104.7
08/20/2024,63.55
08/20/2024,107.63
08/20/2024,100.99
08/27/2024,64.01
08/27/2024,104.42
08/27/2024,95.95
09/03/2024,63.95
09/03/2024,107.51
09/03/2024,96.76
09/10/2024,54.16
09/10/2024,107.21
09/10/2024,85.67
09/17/2024,41.33
09/17/2024,104.37
09/17/2024,93.99
09/24/2024,41.55
09/24/2024,101.67
09/24/2024,100.3
10/01/2024,41.43
10/01/2024,103.22
10/01/2024,101.48
10/08/2024,53.61
10/08/2024,103.88
10/08/2024,103.08
10/15/2024,58.16
10/15/2024,104.35
10/15/2024,102.39
10/22/2024,55.61
10/22/2024,106.86
10/22/2024,100.2
10/29/2024,61.34
10/29/2024,107.56
10/29/2024,102.95
11/05/2024,63.02
11/05/2024,106.97
11/05/2024,105.65
11/12/2024,62.58
11/12/2024,104.23
11/12/2024,104.52
11/19/2024,63.21
11/19/2024,106.17
11/19/2024,105.22
11/26/2024,62.34
11/26/2024,107.56
11/26/2024,104.6
12/03/2024,63.67
12/03/2024,106.65
12/03/2024,100.65
12/10/2024,62.98
12/10/2024,107.88
12/10/2024,102.95
12/17/2024,59.78
12/17/2024,108.95
12/17/2024,97.89
