Date,Crude Volume
01/09/1990,
01/09/1990,
01/09/1990,
01/16/1990,
01/16/1990,
01/16/1990,
01/23/1990,
01/23/1990,
01/23/1990,
01/30/1990,
01/30/1990,
01/30/1990,
02/06/1990,
02/06/1990,
02/06/1990,
02/13/1990,
02/13/1990,
02/13/1990,
02/20/1990,
02/20/1990,
02/20/1990,
02/27/1990,
02/27/1990,
02/27/1990,
03/06/1990,
03/06/1990,
03/06/1990,
03/13/1990,
03/13/1990,
03/13/1990,
03/20/1990,
03/20/1990,
03/20/1990,
03/27/1990,
03/27/1990,
03/27/1990,
04/03/1990,
04/03/1990,
04/03/1990,
04/10/1990,
04/10/1990,
04/10/1990,
04/17/1990,
04/17/1990,
04/17/1990,
04/24/1990,
04/24/1990,
04/24/1990,
05/01/1990,
05/01/1990,
05/01/1990,
05/08/1990,
05/08/1990,
05/08/1990,
05/15/1990,
05/15/1990,
05/15/1990,
05/22/1990,
05/22/1990,
05/22/1990,
05/29/1990,
05/29/1990,
05/29/1990,
06/05/1990,
06/05/1990,
06/05/1990,
06/12/1990,
06/12/1990,
06/12/1990,
06/19/1990,
06/19/1990,
06/19/1990,
06/26/1990,
06/26/1990,
06/26/1990,
07/03/1990,
07/03/1990,
07/03/1990,
07/10/1990,
07/10/1990,
07/10/1990,
07/17/1990,
07/17/1990,
07/17/1990,
07/24/1990,
07/24/1990,
07/24/1990,
07/31/1990,
07/31/1990,
07/31/1990,
08/07/1990,
08/07/1990,
08/07/1990,
08/14/1990,
08/14/1990,
08/14/1990,
08/21/1990,
08/21/1990,
08/21/1990,
08/28/1990,
